"","Model_type","In_Game_Price","car_source","stock_specs","Stock_Rating","Drive_Type","speed","handling","acceleration","launch","braking","Offroad","Horse_Power","Weight_lbs","year","model_make"
"1","RETRO HOT HATCH",25000,"Autoshow","C",596,"FWD",5.6,5.1,3.9,3.1,3.4,5.1,195,2639,"2001","Acura Integra Type R"
"2","RETRO HOT HATCH",25000,"Autoshow","C",585,"FWD",5.6,5.1,3.9,3,3.5,5.3,200,2820,"2002","Acura RSX Type S"
"3","MODERN SUPERCARS",170000,"Autoshow","S1",831,"AWD",7,7,9.2,10,7.1,4.7,573,3803,"2017","Acura NSX"
"4","CLASSIC RALLY",98000,"Autoshow","C",550,"RWD",5,4.4,4.1,3.1,3,5.3,123,1576,"1973","Alpine A110 1600s"
"5","MODERN SPORTS CARS",67500,"Wheelspin","B",694,"RWD",6,6.4,5.4,5.7,4.2,4.2,248,2432,"2017","Alpine A110"
"6","UNLIMITED BUGGIES",3e+05,"Autoshow","B",642,"RWD",4.4,3.8,5,4.1,4.8,10,196,2200,"2015","Alumi Craft Class 10 Race Car"
"7","CULT CARS",35000,"Autoshow","D",403,"RWD",4,3.9,3.4,3.4,2.3,5.2,150,2840,"1973","AMC Gremlin X"
"8","UNLIMITED OFFROAD",850000,"Autoshow","A",719,"AWD",4.2,4.1,8.6,10,6.7,10,720,5071,"2554","AMG TRANSPORT DYNAMICS M12S Warthog CST"
"9","EXTREME TRACK TOYS",1500000,"Autoshow","S2",963,"RWD",7.4,10,7.7,8.4,10,3.9,780,2756,"2018","Apollo Intensa Emozione"
"10","EXTREME TRACK TOYS",1500000,"Autoshow","S2",998,"RWD",7.6,10,7.9,8.6,10,3.8,930,2480,"2018","Apollo Intensa Emozione ""Welcome Pack"""
"11","EXTREME TRACK TOYS",2e+05,"Autoshow","S2",924,"RWD",6.3,8.8,7.8,8.5,7.2,3.9,475,1433,"2013","Ariel Atom 500 V8"
"12","UNLIMITED BUGGIES",93000,"Autoshow","A",711,"RWD",5.2,4.7,6.5,7.2,4.2,8.1,236,1477,"2016","Ariel Nomad"
"13","RARE CLASSICS",8e+05,"Autoshow","C",548,"RWD",5.4,4,4,3.4,2.7,5.4,325,3230,"1964","Aston Martin DB5"
"14","SUPER GT",240000,"Autoshow","A",796,"RWD",7.8,6.2,5.4,5.7,6.4,4.4,565,3671,"2013","Aston Martin V12 Vantage S"
"15","TRACK TOYS",4e+05,"Accolade","S1",829,"RWD",6.7,8,5.9,6.1,8.1,4.4,593,3450,"2016","Aston Martin Vantage GT12"
"16","SUPER GT",3e+05,"Autoshow","A",787,"RWD",7.3,6.5,5.7,6.1,6.1,4.7,608,4134,"2017","Aston Martin DB11"
"17","EXTREME TRACK TOYS",2e+06,"Autoshow","S2",953,"RWD",7.7,9.6,6.5,7,10,3.2,820,2998,"2017","Aston Martin Vulcan AMR Pro"
"18","SUPER GT",350000,"Autoshow","S1",835,"RWD",7.8,6.6,5.8,6.2,6.9,4.5,715,3966,"2019","Aston Martin DBS Superleggera"
"19","HYPERCARS",1150000,"Autoshow","S2",959,"AWD",8.5,9.2,10,10,9.4,4.6,1042,3097,"2019","Aston Martin Valhalla Concept Car"
"20","GT CARS",430000,"Autoshow","S1",801,"RWD",7,6.7,6,6.4,6.1,4.6,503,3497,"2019","Aston Martin Vantage"
"21","RETRO RALLY",175000,"Autoshow","B",638,"AWD",5.7,5,5.5,2.9,4,5.7,306,2807,"1983","Audi Sport quattro"
"22","RETRO SALOONS",50000,"Autoshow","B",601,"AWD",6,5.1,5,5.3,3.2,5.2,311,3517,"1995","Audi Avant RS2"
"23","RETRO SALOONS",94000,"Autoshow","B",663,"AWD",6.4,5.8,5.5,4.7,3.6,5.2,375,3571,"2001","Audi RS 4 Avant"
"24","RETRO SALOONS",105000,"Autoshow","B",677,"AWD",6.8,5.7,5.1,5,4.1,5.4,450,4024,"2003","Audi RS 6"
"25","SUPER SALOONS",53000,"Autoshow","A",710,"AWD",6.9,6.1,6,5.5,4.4,5.3,420,3638,"2006","Audi RS 4"
"26","SUPER SALOONS",155000,"Autoshow","A",722,"AWD",7.5,6,6.1,6.7,5.8,5.5,570,4376,"2009","Audi RS 6"
"27","MODERN SPORTS CARS",66000,"Autoshow","A",707,"AWD",6.6,6.1,5.8,7,4.4,5.4,335,3294,"2010","Audi TT RS Coupé"
"28","SUPER HOT HATCH",42000,"Autoshow","B",682,"AWD",6,6.1,5.2,6.5,4.1,5.5,335,3472,"2011","Audi RS 3 Sportback"
"29","SUPER SALOONS",88000,"Autoshow","A",733,"AWD",6.8,6.2,5.8,5.7,5.9,5.5,442,3830,"2011","Audi RS 5 Coupé"
"30","MODERN SUPERCARS",290000,"Wheelspin","S1",802,"AWD",7.3,7,7.1,6.6,6.9,5,542,3682,"2013","Audi R8 Coupé V10 plus 5.2 FSI quattro"
"31","SUPER SALOONS",83000,"Autoshow","A",728,"AWD",7,6.2,5.5,5.2,5.2,5.2,444,3957,"2013","Audi RS 4 Avant"
"32","SUPER SALOONS",225000,"Autoshow","A",739,"AWD",7.6,5.9,7,8.2,5.6,5.3,552,4310,"2013","Audi RS 7 Sportback"
"33","SUPER SALOONS",150000,"Autoshow","A",754,"AWD",7.4,6,7.5,8.3,5.3,5.2,552,4266,"2015","Audi RS 6 Avant"
"34","HOT HATCH",35000,"Autoshow","B",644,"AWD",5.6,5.9,5.2,4.4,3.7,5.6,228,2899,"2015","Audi S1"
"35","MODERN SPORTS CARS",52000,"Autoshow","A",724,"AWD",6.7,6.3,5.8,6.4,4,5.2,310,3053,"2015","Audi TTS Coupé"
"36","MODERN SUPERCARS",242000,"Autoshow","S1",834,"AWD",7.8,7.1,7.8,7.4,7.3,5.1,610,3428,"2016","Audi R8 V10 plus"
"37","MODERN SPORTS CARS",0,"Autoshow","A",748,"AWD",6.8,6.3,6.7,8.1,4.7,5.2,400,3307,"2018","Audi TT RS"
"38","CLASSIC SPORTS CARS",20000,"Autoshow","D",131,"RWD",3.1,3.7,1.9,2.5,1.8,4.9,45,1463,"1958","Austin-Healey Sprite MkI"
"39","VINTAGE RACERS",1.5e+07,"Autoshow","B",675,"RWD",8.4,4.2,4.5,3.4,2.7,4.2,485,2816,"1939","Auto Union Type D"
"40","TRACK TOYS",160000,"Wheelspin","S1",868,"RWD",6.1,8.1,6.3,6.7,8.1,3.9,280,1354,"2014","BAC Mono"
"41","RARE CLASSICS",1500000,"Autoshow","D",181,"RWD",3.7,3.5,2.4,1.8,1.8,5.7,220,5600,"1930","Bentley 8 Litre"
"42","VINTAGE RACERS",4e+06,"Autoshow","D",207,"RWD",3.7,3.3,2.1,2.3,1.9,5.8,175,4395,"1930","Bentley Blower 4-1/2 Litre Supercharged"
"43","SPORTS UTILITY HEROES",180000,"Autoshow","A",727,"AWD",7,5,6.2,7.4,4,6.5,599,5340,"2016","Bentley Bentayga"
"44","GT CARS",2e+05,"Autoshow","A",769,"AWD",7.6,6.1,8,9.1,5.8,4.9,700,5029,"2017","Bentley Continental Supersports"
"45","CULT CARS",45000,"Autoshow","D",100,"RWD",1.8,3.4,1.2,2.7,2.4,4.7,13,920,"1957","BMW Isetta 300 Export"
"46","CLASSIC SPORTS CARS",26000,"Barn","C",531,"RWD",4.9,4.3,3.8,1.5,2.8,5.6,168,2381,"1973","BMW 2002 TURBO"
"47","RETRO SUPERCARS",585000,"Autoshow","B",629,"RWD",5.9,5,4.4,3.1,3.2,4.7,277,2866,"1981","BMW M1"
"48","RETRO SALOONS",54000,"Autoshow","C",583,"RWD",5.8,4.4,4.3,3.9,3.1,5.1,282,3230,"1988","BMW M5"
"49","RETRO SALOONS",70000,"Autoshow","C",583,"RWD",5.6,4.7,4.3,3.4,3.1,4.9,215,2762,"1991","BMW M3"
"50","RETRO SALOONS",25000,"Autoshow","B",634,"RWD",6.7,5.2,4.6,4.2,3.6,4.8,342,3772,"1995","BMW M5"
"51","RETRO SALOONS",35000,"Autoshow","B",665,"RWD",6.5,4.9,4.9,5.2,3.6,5.2,321,3219,"1997","BMW M3"
"52","TRACK TOYS",180000,"Autoshow","A",747,"RWD",6.7,6.5,5.4,5.7,4.9,4.7,375,3096,"2002","BMW M3-GTR"
"53","RETRO SPORTS CARS",30000,"Autoshow","B",675,"RWD",6.1,5.3,4.9,5,3.7,4.9,315,3170,"2002","BMW Z3 M Coupe"
"54","RETRO SALOONS",30000,"Autoshow","B",694,"RWD",7.1,5.5,5,5.2,3.8,5.1,394,3900,"2003","BMW M5"
"55","RETRO SALOONS",33000,"Autoshow","B",675,"RWD",6.4,5.3,5,5,3.8,5,333,3415,"2005","BMW M3"
"56","SUPER SALOONS",48000,"Autoshow","A",725,"RWD",6.8,5.8,5,5.3,4.5,4.5,414,3649,"2008","BMW M3"
"57","MODERN SPORTS CARS",82000,"Autoshow","B",694,"RWD",6.4,5.8,5.4,4.9,4.3,5.2,330,3296,"2008","BMW Z4 M Coupe"
"58","SUPER SALOONS",90000,"Autoshow","A",719,"RWD",7.1,5.9,5.1,4.9,4.4,4.9,500,4012,"2009","BMW M5"
"59","SUPER SALOONS",55000,"Autoshow","A",712,"RWD",6.4,5.9,5.2,5.4,4.5,4.8,335,3296,"2011","BMW 1 Series M Coupe"
"60","SPORTS UTILITY HEROES",1e+05,"Autoshow","B",666,"AWD",6.4,4.8,5.9,6.6,3.7,6.3,547,5368,"2011","BMW X5 M"
"61","EXTREME TRACK TOYS",5e+05,"Other","S2",998,"AWD",8,10,10,10,9.4,4.4,1014,2756,"2011","BMW X5 M Forza Edition"
"62","SUPER SALOONS",112000,"Autoshow","A",766,"RWD",7.4,6,5.3,5.6,4.8,4.6,552,4123,"2012","BMW M5"
"63","GT CARS",120000,"Autoshow","A",758,"RWD",7.5,5.8,5,5.2,5.9,4.6,560,4255,"2013","BMW M6 Coupe"
"64","SUPER SALOONS",92000,"Autoshow","A",782,"RWD",7.1,6.2,5.3,5.6,6.5,4.7,431,3389,"2014","BMW M4 Coupe"
"65","MODERN SUPERCARS",140000,"Autoshow","A",764,"AWD",7.2,6.4,7.7,8.7,4.6,4.9,357,3380,"2015","BMW i8"
"66","SPORTS UTILITY HEROES",130000,"Wheelspin","B",687,"AWD",6.5,4.9,6,6.6,4.1,5.8,567,5185,"2015","BMW X6 M"
"67","SUPER SALOONS",69000,"Autoshow","A",718,"RWD",6.5,5.7,5.2,5.5,4.6,4.8,365,3450,"2016","BMW M2 Coupé"
"68","TRACK TOYS",135000,"Car Collection","S1",814,"RWD",7.2,7.6,5.7,6,7,4,493,3329,"2016","BMW M4 GTS"
"69","SUPER SALOONS",105000,"Autoshow","A",784,"AWD",7.6,6.1,8.7,9.7,6.2,5.1,600,4370,"2018","BMW M5"
"70","MODERN SPORTS CARS",35000,"Autoshow","A",751,"RWD",6.7,6,5.6,6,4.4,4.6,382,3252,"2019","BMW Z4 Roadster"
"71","VINTAGE RACERS",1300000,"Autoshow","D",285,"RWD",4,3.4,2.5,1.4,1.9,4.9,95,1676,"1926","Bugatti Type 35 C"
"72","RETRO SUPERCARS",1700000,"Autoshow","S1",805,"AWD",8.3,6.5,8,3.8,5.2,4.9,611,3126,"1992","Bugatti EB110 Super Sport"
"73","HYPERCARS",2200000,"Autoshow","S2",913,"AWD",9.9,7.9,10,5.9,8.6,4.9,1183,4044,"2011","Bugatti Veyron Super Sport"
"74","HYPERCARS",2400000,"Autoshow","S2",927,"AWD",10,7.9,9.9,6.1,8.6,5,1479,4398,"2018","Bugatti Chiron"
"75","EXTREME TRACK TOYS",3e+06,"Autoshow","S2",958,"AWD",9.6,9.9,10,6.2,9.5,4.4,1479,4321,"2019","Bugatti Divo"
"76","CLASSIC MUSCLE",80000,"Autoshow","C",558,"RWD",5.1,3.5,3.3,3.2,2.5,5.1,360,3874,"1970","Buick GSX"
"77","RETRO MUSCLE",130000,"Autoshow","C",564,"RWD",5.7,4,3.8,2.5,2.5,5.5,300,3545,"1987","Buick Regal GNX"
"78","MODERN MUSCLE",65000,"Autoshow","A",716,"RWD",7,5.5,5.2,3.4,4.2,5.1,464,3700,"2016","Cadillac ATS-V"
"79","MODERN MUSCLE",80000,"Autoshow","A",761,"RWD",7.2,5.3,4.9,5.2,4.4,4.7,640,4128,"2016","Cadillac CTS-V Sedan"
"80","UTV'S",25000,"Autoshow","B",670,"AWD",3.9,3.7,6.8,9.6,4.5,9.7,172,1655,"2018","Can-Am Maverick X RS Turbo R"
"81","TRACK TOYS",82000,"Autoshow","A",786,"RWD",5.6,5.4,5.7,6.2,4.6,3.9,263,1116,"2013","Caterham Superlight R500"
"82","CLASSIC SPORTS CARS",210000,"Barn","D",366,"RWD",3.6,4,2.3,1.1,2,5.6,160,2900,"1953","Chevrolet Corvette"
"83","CLASSIC RACERS",5e+05,"Wheelspin","A",800,"RWD",6.5,6.1,5.8,6.2,4.8,3.7,450,2205,"1953","Chevrolet Corvette Forza Edition"
"84","RODS AND CUSTOMS",35000,"Autoshow","D",360,"RWD",4.5,3.5,3.2,2.5,2,5.8,180,3309,"1955","Chevrolet 150 Utility Sedan"
"85","RODS AND CUSTOMS",130000,"Autoshow","D",432,"RWD",4.8,3.8,2.8,1.6,2.1,6,220,3337,"1957","Chevrolet Bel Air"
"86","CLASSIC SPORTS CARS",150000,"Car Collection","C",541,"RWD",5.4,4,3.6,2.8,2.5,5.6,290,3080,"1960","Chevrolet Corvette"
"87","RODS AND CUSTOMS",46000,"Autoshow","C",544,"RWD",5.5,3.6,3.4,3,2.3,5.4,425,3877,"1964","Chevrolet Impala Super Sport 409"
"88","CLASSIC MUSCLE",150000,"Autoshow","B",623,"RWD",5.5,4.3,3.9,3,3.1,5.8,435,3384,"1967","Chevrolet Corvette Stingray 427"
"89","CLASSIC MUSCLE",110000,"Autoshow","C",585,"RWD",5,4.2,3.8,2.9,3.1,5.8,375,3527,"1969","Chevrolet Camaro Super Sport Coupe"
"90","CLASSIC MUSCLE",41000,"Autoshow","C",545,"RWD",5.4,3.9,3.5,2.9,2.4,5.3,375,3470,"1969","Chevrolet Nova Super Sport 396"
"91","CLASSIC MUSCLE",53000,"Autoshow","C",539,"RWD",5.1,3.7,3.4,3.3,2.4,4.9,360,3550,"1970","Chevrolet Camaro Z28"
"92","CLASSIC MUSCLE",80000,"Autoshow","C",531,"RWD",4.7,3.6,3.3,3.2,2.4,5.4,450,3799,"1970","Chevrolet Chevelle Super Sport 454"
"93","CLASSIC MUSCLE",310000,"Wheelspin","B",610,"RWD",4.9,4.3,3.9,2.9,3.1,5.4,370,3373,"1970","Chevrolet Corvette ZR-1"
"94","VANS AND UTILITY",65000,"Autoshow","C",544,"RWD",5.9,3.6,3.2,3.1,2.4,5.5,450,3820,"1970","Chevrolet El Camino Super Sport 454"
"95","CLASSIC MUSCLE",35000,"Autoshow","D",466,"RWD",4.5,4.1,3.5,2.9,2.5,5.4,175,3560,"1979","Chevrolet Camaro Z28"
"96","RETRO MUSCLE",25000,"Autoshow","D",396,"RWD",5,4,3.1,2.3,2,5,180,3522,"1988","Chevrolet Monte Carlo Super Sport"
"97","RETRO MUSCLE",45000,"Autoshow","B",693,"RWD",6.5,5.2,4.8,4,3.7,4.5,405,3505,"1995","Chevrolet Corvette ZR-1"
"98","RETRO MUSCLE",20000,"Autoshow","C",509,"RWD",5,4.3,3.6,2.6,2.7,5.2,260,4037,"1996","Chevrolet Impala Super Sport"
"99","RETRO MUSCLE",35000,"Autoshow","A",722,"RWD",7.2,5.8,4.6,4.5,3.9,4.5,405,3120,"2002","Chevrolet Corvette Z06"
"100","MODERN MUSCLE",125000,"Autoshow","S1",809,"RWD",7.8,6.2,5.5,4.6,6.6,4.4,638,3350,"2009","Chevrolet Corvette ZR1"
"101","TRACK TOYS",86000,"Autoshow","A",797,"RWD",6.7,6.8,5.5,5.4,7.2,4.4,505,3837,"2015","Chevrolet Camaro Z/28"
"102","MODERN MUSCLE",110000,"Autoshow","S1",852,"RWD",7.8,7,6,6.5,7.7,4.4,650,3536,"2015","Chevrolet Corvette Z06"
"103","MODERN MUSCLE",60000,"Autoshow","S1",821,"RWD",7.3,7.2,6.1,4.9,5.6,4.8,650,3883,"2017","Chevrolet Camaro ZL1"
"104","PICK-UP & 4X4'S",46000,"Autoshow","C",530,"AWD",5.4,3,3.9,3.4,3,8.2,308,4734,"2017","Chevrolet Colorado ZR2"
"105","TRACK TOYS",105000,"Autoshow","S1",824,"RWD",6.9,7.8,5.8,5.2,6,4.3,650,3837,"2018","Chevrolet Camaro ZL1 1LE"
"106","TRACK TOYS",255000,"Accolade","S1",871,"RWD",7.8,7.7,6.5,7,7.9,4,755,3560,"2019","Chevrolet Corvette ZR1"
"107","MODERN SUPERCARS",65000,"Autoshow","S1",806,"RWD",7.2,7,6.9,7.6,5.2,4.8,495,3577,"2020","Chevrolet Corvette Stingray Coupe"
"108","CULT CARS",25000,"This info will be available soon","D",264,"RWD",3.7,3.7,2.8,2.3,1.9,5,96,2127,"1970","Datsun 510"
"109","UNLIMITED OFFROAD",2e+05,"Mastery Tree","A",749,"AWD",4.7,4,6.3,4.8,4.4,9.3,707,4650,"2013","Deberti Jeep Wrangler Unlimited"
"110","DRIFT CARS",3e+05,"Autoshow","A",798,"RWD",6.7,4.8,4.9,5.1,5.2,4,1005,3500,"2018","Deberti Chevrolet Silverado 1500 Drift Truck"
"111","UNLIMITED OFFROAD",250000,"Autoshow","B",691,"RWD",5.7,3.6,5.4,5.8,4.9,9.9,800,7000,"2018","Deberti Ford F-150 Prerunner"
"112","DRIFT CARS",5e+05,"Autoshow","S1",836,"RWD",6.4,5.6,4.9,5.1,6.9,4.7,900,3215,"2019","Deberti Toyota Tacoma TRD ""The Performance Truck"""
"113","RETRO SPORTS CARS",15000,"Season Event","D",464,"RWD",4.3,4.9,2.8,2.3,3.1,6,130,2844,"1982","DeLorean DMC-12"
"114","CLASSIC MUSCLE",3e+05,"Barn","B",650,"RWD",4.5,3.6,4.1,4.2,2.9,4.9,425,3020,"1968","Dodge Dart Hemi Super Stock"
"115","CLASSIC MUSCLE",9e+05,"Mastery Tree","C",595,"RWD",5,3.8,3.8,3.7,2.8,5.4,425,3875,"1969","Dodge Charger Daytona HEMI"
"116","CLASSIC MUSCLE",103000,"Autoshow","C",548,"RWD",5.1,3.8,3.6,3.5,2.4,5.1,425,3671,"1969","Dodge Charger R/T"
"117","TRACK TOYS",70000,"Other","S1",900,"RWD",6.6,7.9,7.1,7.3,7.3,3.9,725,3395,"1969","Dodge Charger R/T Forza Edition"
"118","CLASSIC MUSCLE",210000,"Autoshow","C",551,"RWD",5.5,3.8,3.4,3.3,2.5,5,425,3800,"1970","Dodge Challenger R/T"
"119","RETRO MUSCLE",75000,"Barn","A",717,"RWD",6.9,5.5,5.2,4.1,4,4.5,460,3450,"1999","Dodge Viper GTS ACR"
"120","TRACK TOYS",90000,"Autoshow","S1",844,"RWD",7.2,7.9,5.6,4.7,7.5,4.8,600,3408,"2008","Dodge Viper SRT10 ACR"
"121","MODERN MUSCLE",95000,"Autoshow","S1",813,"RWD",7.6,6.1,5.5,4.6,5.8,4.7,640,3296,"2013","Dodge SRT Viper GTS"
"122","MODERN MUSCLE",75000,"Autoshow","A",755,"RWD",7.7,5.4,4.5,4.6,4.9,4.2,707,4438,"2015","Dodge Challenger SRT Hellcat"
"123","MODERN MUSCLE",80000,"Autoshow","A",762,"RWD",7.8,5.3,4.7,4.9,5,4.7,707,4575,"2015","Dodge Charger SRT Hellcat"
"124","TRACK TOYS",150000,"Autoshow","S1",873,"RWD",6.7,8.6,6.2,5.3,9.4,4.4,645,3368,"2016","Dodge Viper ACR"
"125","MODERN MUSCLE",150000,"Autoshow","A",786,"RWD",7.8,5.5,4.8,5,5.3,4.6,840,4248,"2018","Dodge Challenger SRT Demon"
"126","SPORTS UTILITY HEROES",70000,"Autoshow","B",666,"AWD",6.3,3.8,5.8,5.6,3.7,6.7,475,5510,"2018","Dodge Durango SRT"
"127","TRACK TOYS",250000,"Season Event","S1",814,"RWD",6.2,6.1,5.7,6.1,5.7,3.8,375,1532,"2013","Donkervoort D8 GTO"
"128","UNLIMITED BUGGIES",50000,"Autoshow","B",682,"RWD",4.5,4.8,5.3,5.7,5.2,8.6,252,1571,"2018","Exomotive Exocet Off-Road"
"129","RALLY MONSTERS",5e+05,"Wheelspin","A",800,"AWD",4.5,5.6,9.4,10,7.3,7.6,300,1499,"2018","Exomotive Exocet Off-Road Forza Edition"
"130","RARE CLASSICS",18500000,"Autoshow","C",564,"RWD",5.4,4,3.4,2.3,2.8,5.7,262,2315,"1957","Ferrari 250 California"
"131","CLASSIC RACERS",16400000,"Autoshow","B",691,"RWD",6.3,4.4,4.5,4.2,2.9,4.5,300,2028,"1957","Ferrari 250 Testa Rossa"
"132","CLASSIC RACERS",5e+07,"Barn","B",612,"RWD",6.4,3.9,3.5,2.5,2.8,5.2,300,2299,"1962","Ferrari 250 GTO"
"133","CLASSIC RACERS",9e+06,"Wheelspin","A",780,"RWD",7.2,5.1,6.3,5.9,4.2,4.4,450,2271,"1967","Ferrari #24 Ferrari Spa 330 P4"
"134","RARE CLASSICS",6e+05,"Autoshow","B",637,"RWD",7,4.4,4.4,3.1,3,5.4,405,3600,"1968","Ferrari 365 GTB/4"
"135","RARE CLASSICS",425000,"Wheelspin","C",535,"RWD",5.2,4.9,3.2,2,2.8,5.4,195,2380,"1969","Ferrari Dino 246 GT"
"136","RETRO SUPERCARS",3500000,"Autoshow","A",750,"RWD",7.4,5.6,5.6,3.1,4.2,4.7,395,2822,"1984","Ferrari 288 GTO"
"137","RETRO SUPERCARS",1200000,"Autoshow","A",784,"RWD",7.3,6.5,6.3,2.6,5.3,5,478,2980,"1987","Ferrari F40"
"138","EXTREME TRACK TOYS",2e+06,"Barn","S2",947,"RWD",8.3,10,6.6,1.7,8.5,4.4,691,2315,"1989","Ferrari F40 Competizionne"
"139","RETRO SUPERCARS",190000,"Autoshow","A",717,"RWD",6.8,6.1,4.5,3.6,4.3,4.9,375,3196,"1994","Ferrari F355 Berlinetta"
"140","RETRO SUPERCARS",2e+06,"Autoshow","A",789,"RWD",7.3,6.5,5.7,5,5.6,4.8,513,2976,"1995","Ferrari F50"
"141","EXTREME TRACK TOYS",2e+06,"Autoshow","S2",976,"RWD",8.1,10,7,7.1,10,4.1,750,2002,"1996","Ferrari F50 GT"
"142","RETRO SUPERCARS",250000,"Season Event","A",747,"RWD",7.5,5.6,5.6,5.7,4.4,4.9,508,3814,"2002","Ferrari 575M Maranello"
"143","RETRO SUPERCARS",2800000,"Autoshow","S1",857,"RWD",8.1,7.5,6.4,6.9,8.3,4.7,650,3263,"2002","Ferrari Enzo Ferrari"
"144","RETRO SUPERCARS",2e+05,"Wheelspin","A",773,"RWD",7,6.8,6.1,5.6,6.6,4.7,409,2844,"2003","Ferrari 360 Challenge Stradale"
"145","EXTREME TRACK TOYS",2500000,"Autoshow","S2",956,"RWD",8.4,10,8.1,8.9,10,4.4,789,2731,"2005","Ferrari FXX"
"146","MODERN SUPERCARS",3e+05,"Wheelspin","S1",810,"RWD",7.6,6.9,6.2,6.4,6.9,4.3,503,3150,"2007","Ferrari 430 Scuderia"
"147","MODERN SUPERCARS",225000,"Autoshow","S1",823,"RWD",7.9,7.2,6.3,6.8,6.9,4.1,562,3274,"2009","Ferrari 458 Italia"
"148","SUPER GT",350000,"Season Event","S1",828,"RWD",7.9,7.4,6,6.3,7.2,4.5,661,3538,"2010","Ferrari 599 GTO"
"149","EXTREME TRACK TOYS",2600000,"Autoshow","S2",952,"RWD",8,9.8,7.3,7.9,10,3.8,740,3038,"2012","Ferrari 599XX Evolution"
"150","TRACK TOYS",340000,"Wheelspin","S1",865,"RWD",7.7,8,6.9,7.5,7.9,3.7,597,3075,"2013","Ferrari 458 Speciale"
"151","HYPERCARS",1500000,"Car Collection","S2",934,"RWD",9.4,9,7.2,7.9,9.6,4.4,963,3263,"2013","Ferrari LaFerrari"
"152","EXTREME TRACK TOYS",2700000,"Autoshow","S2",979,"RWD",8.1,10,8.1,9,10,3.6,1036,2831,"2014","Ferrari FXX K"
"153","MODERN SUPERCARS",290000,"Autoshow","S1",863,"RWD",8.2,7.9,6.8,6.5,7.8,4.4,660,3252,"2015","Ferrari 488 GTB"
"154","SUPER GT",5e+05,"Autoshow","S1",884,"RWD",8.8,7.6,6.5,7,8.4,4.8,769,3351,"2015","Ferrari F12tdf"
"155","SUPER GT",350000,"Autoshow","S1",878,"RWD",7.9,7.5,6.2,6.6,7.6,4,788,3594,"2017","Ferrari 812 Superfast"
"156","SUPER GT",3e+05,"Wheelspin","S1",816,"AWD",7.5,6.8,6.9,6.7,6.6,5.1,680,4233,"2017","Ferrari GTC4Lusso"
"157","MODERN SUPERCARS",2500000,"Autoshow","S1",857,"RWD",8.4,7.5,6.8,7.4,7.3,4.3,681,3362,"2017","Ferrari J50"
"158","EXTREME TRACK TOYS",0,"Autoshow","S2",998,"RWD",8.1,10,8.3,9.1,10,4,1036,2800,"2018","Ferrari FXX-K Evo"
"159","SUPER GT",215000,"Autoshow","S1",814,"RWD",7.8,6.5,6.3,6.8,6.8,4.7,591,3669,"2018","Ferrari Portofino"
"160","TRACK TOYS",320000,"Autoshow","S1",889,"RWD",7.6,8.2,7,7.6,8.4,4.2,711,3053,"2019","Ferrari 488 Pista"
"161","SUPER GT",2e+06,"Autoshow","S1",867,"RWD",8.6,7.3,6.1,6.6,7.1,3.7,799,3503,"2019","Ferrari Monza SP2"
"162","RODS AND CUSTOMS",35000,"Autoshow","D",126,"RWD",3.2,3.9,1.9,2.8,1.8,4.8,65,2398,"1932","Ford De Luxe Five-Window Coupe"
"163","UNLIMITED BUGGIES",0,"Other","A",800,"info_not_found",6.6,2.9,5.8,6.3,5.8,8.8,603,2094,"1932","Ford De Luxe Five-Window Coupe Forza Edition"
"164","RODS AND CUSTOMS",44000,"Autoshow","D",130,"RWD",3.2,3.6,2.1,2.2,1.8,6.1,85,2970,"1940","Ford De Luxe Coupe"
"165","RODS AND CUSTOMS",36000,"Barn","D",302,"RWD",3.8,2.7,3.1,3,2.1,6.9,173,3325,"1956","Ford F-100"
"166","CULT CARS",20000,"Autoshow","D",100,"RWD",2.6,4.1,1.6,2.6,2,6.1,39,1676,"1959","Ford Anglia 105E"
"167","CLASSIC RACERS",1.1e+07,"Car Collection","A",754,"RWD",6.9,5.2,4.6,3.7,4,4.8,390,2222,"1964","Ford GT40 Mk I"
"168","CLASSIC MUSCLE",46000,"Autoshow","D",499,"RWD",5.1,3.6,3.3,3.2,2.3,5.4,271,2562,"1965","Ford Mustang GT Coupe"
"169","VANS AND UTILITY",25000,"Autoshow","D",100,"RWD",2.5,4.2,1.3,1.8,1.8,6.3,73,3527,"1965","Ford Transit"
"170","CLASSIC RACERS",1.1e+07,"Autoshow","A",771,"RWD",7.5,5,4.3,3.5,3.8,4.7,485,2682,"1966","Ford #2 GT40 Mk II"
"171","CLASSIC RACERS",50000,"Autoshow","D",389,"RWD",4,3.9,3.5,2.6,2.3,5.3,115,2060,"1966","Ford Lotus Cortina"
"172","CLASSIC RALLY",5e+05,"Barn","B",636,"RWD",4.5,4.8,4.6,3.5,4.1,7.3,200,2116,"1967","Ford Racing Escort MK1"
"173","CLASSIC MUSCLE",50000,"Barn","D",498,"RWD",5.7,3.9,3.4,3.3,2.3,5.5,325,3548,"1968","Ford Mustang GT 2+2 Fastback"
"174","CLASSIC MUSCLE",230000,"Autoshow","C",581,"RWD",5.5,4.4,3.2,2.3,3,5.8,290,3250,"1969","Ford Mustang Boss 302"
"175","CLASSIC RALLY",150000,"Autoshow","B",671,"RWD",5.1,5.5,4.2,3.1,3.4,7.3,200,1680,"1970","Ford GT70"
"176","CLASSIC MUSCLE",250000,"This info will be available soon","C",546,"RWD",4.8,3.8,3.4,3.2,2.5,5.2,376,3710,"1971","Ford Mustang Mach 1 1971"
"177","CLASSIC MUSCLE",80000,"Autoshow","B",624,"RWD",6.3,4.2,4,3.3,2.9,5.4,410,3461,"1972","Ford Falcon XA GT-HO"
"178","CLASSIC SPORTS CARS",55000,"Autoshow","D",497,"RWD",4.8,4.1,3.8,3.3,2.5,5.2,148,2315,"1973","Ford Capri RS3100"
"179","CLASSIC RALLY",73000,"Autoshow","D",476,"RWD",4.2,4.1,3.7,2.7,2.9,5.9,113,1918,"1973","Ford Escort RS1600"
"180","PICK-UP & 4X4'S",38000,"Autoshow","D",421,"AWD",4.3,3,3.5,2.8,2.1,8,205,3545,"1975","Ford Bronco"
"181","CLASSIC RALLY",3e+05,"Autoshow","B",662,"RWD",4.4,4.5,5,5.3,3.8,7,255,2161,"1977","Ford #5 Escort RS1800 MkII"
"182","CLASSIC RALLY",88000,"Autoshow","D",477,"RWD",4.2,4.2,3.6,3,2.8,6,115,1986,"1977","Ford Escort RS1800"
"183","RETRO HOT HATCH",25000,"Wheelspin","D",369,"FWD",3.8,4.4,3.1,2.4,2.5,5.1,84,1852,"1981","Ford Fiesta XR2"
"184","RALLY MONSTERS",260000,"Autoshow","S1",808,"AWD",5.4,5.7,6.9,2.3,5,7.8,506,2464,"1985","Ford RS200 Evolution"
"185","RETRO HOT HATCH",25000,"Autoshow","C",516,"FWD",4.5,4.2,3.8,3.7,2.8,4.9,130,2154,"1986","Ford Escort RS Turbo"
"186","RETRO SALOONS",66000,"Autoshow","B",604,"RWD",5.6,4.8,4.3,3.3,3.4,4.8,224,2734,"1987","Ford Sierra Cosworth RS500"
"187","RETRO RALLY",66000,"Autoshow","C",565,"AWD",5.2,4.8,4.3,2.8,3.1,5.2,224,2811,"1992","Ford Escort RS Cosworth"
"188","RETRO MUSCLE",28000,"Autoshow","C",539,"RWD",5.3,4.5,3.7,2.9,2.9,4.7,235,3125,"1993","Ford SVT Cobra R"
"189","TRACK TOYS",5e+05,"Autoshow","S1",820,"RWD",5.2,8,7.4,5.5,7.9,4.6,295,1962,"1994","Ford Supervan 3"
"190","RETRO RALLY",20000,"Autoshow","C",514,"FWD",4.9,4.6,3.5,2.7,3.3,5,153,2588,"1999","Ford Racing Puma"
"191","RALLY MONSTERS",5e+05,"Other","S1",900,"AWD",5.7,6.3,9.4,6,5.8,8,506,2194,"1999","Ford Racing Puma Forza Edition"
"192","RETRO MUSCLE",55000,"Autoshow","B",648,"RWD",6.7,5,4,4,3.4,4.5,385,3589,"2000","Ford SVT Cobra R"
"193","HOT HATCH",30000,"Autoshow","C",593,"FWD",5.1,5.1,4.1,3.6,3.5,4.6,212,2822,"2003","Ford Focus RS"
"194","RETRO SUPERCARS",3e+05,"Wheelspin","A",786,"RWD",7.7,6.6,4.7,3.3,5.3,5.1,550,3390,"2005","Ford GT"
"195","SUPER HOT HATCH",25000,"Autoshow","B",660,"FWD",5.6,5.5,4.4,4.5,3.9,4.7,300,3236,"2009","Ford Focus RS"
"196","RETRO MUSCLE",25000,"Autoshow","D",462,"RWD",5.2,4.1,3.1,1.9,2.5,5.6,250,4057,"2010","Ford Crown Victoria Police Interceptor"
"197","PICK-UP & 4X4'S",42000,"Autoshow","C",518,"AWD",5.3,3.3,4.1,3.1,2.8,8.6,411,6006,"2011","Ford F-150 SVT Raptor"
"198","VANS AND UTILITY",50000,"Autoshow","D",347,"RWD",4.5,4,2.7,3.1,2.3,5.4,198,4493,"2011","Ford Transit SuperSportVan"
"199","MODERN MUSCLE",115000,"Autoshow","A",756,"RWD",7.4,5.2,4.7,4.6,4.3,4.9,662,3898,"2013","Ford Shelby GT500"
"200","UNLIMITED OFFROAD",5e+05,"Autoshow","A",731,"RWD",5.6,3.3,4.6,4.5,4.8,9.1,850,6250,"2014","Ford #11 Rockstar F-150 Trophy Truck"
"201","OFFROAD",250000,"Autoshow","B",643,"AWD",4.4,4.8,5.4,7.8,4,8.4,349,4354,"2014","Ford Ranger T6 Rally Raid"
"202","RALLY MONSTERS",5e+05,"Wheelspin","S1",860,"AWD",5,5.6,9.2,10,5.9,7.6,600,2746,"2017","Ford #14 Rahal Letterman Lanigan Racing GRC Fiesta"
"203","UNLIMITED OFFROAD",5e+05,"Autoshow","A",748,"AWD",4.7,4.1,6.1,5.2,5.2,10,600,4500,"2017","Ford #25 'Brocky' Ultra4 Bronco RTR"
"204","SUPER HOT HATCH",59000,"Autoshow","A",702,"AWD",6.2,6,5.8,3.7,4.2,5.5,350,3446,"2017","Ford Focus RS"
"205","MODERN SUPERCARS",4e+05,"Autoshow","S1",863,"RWD",8.3,7.1,6.6,3.6,8.5,4.4,630,3353,"2017","Ford GT"
"206","RALLY MONSTERS",5e+05,"Autoshow","S1",808,"AWD",5.1,6.1,8.7,9.7,6.1,8.5,375,2800,"2017","Ford M-Sport Fiesta RS"
"207","DRIFT CARS",5e+05,"Autoshow","S1",834,"RWD",5.9,5.3,5.2,5.5,4.7,4,1000,3100,"2018","Ford #25 Mustang RTR"
"208","DRIFT CARS",5e+05,"Autoshow","S1",834,"RWD",5.9,5.3,5.2,5.5,4.7,4.1,1000,3100,"2018","Ford #88 Mustang RTR"
"209","PICK-UP & 4X4'S",58000,"Wheelspin","D",451,"AWD",4.5,3.3,2.7,4.9,3.1,8.6,211,5141,"2019","Ford Ranger Raptor"
"210","OFFROAD",250000,"Autoshow","C",544,"AWD",4.2,4.1,3.2,5.2,4.8,10,325,4475,"2020","Ford #2069 Ford Performance Bronco R"
"211","DRIFT CARS",3e+05,"Autoshow","S1",813,"RWD",6.9,5.1,5,5.2,4.2,4.1,750,2800,"1989","Formula Drift #98 BMW 325i"
"212","DRIFT CARS",0,"Autoshow","S1",845,"RWD",7.7,5.6,5.2,3.7,5.6,4.2,1035,2849,"1995","Formula Drift #34 Toyota Supra MKIV"
"213","DRIFT CARS",3e+05,"Autoshow","S1",826,"RWD",6.7,5.3,5.2,5.5,4.4,4,1251,3100,"1997","Formula Drift #777 Nissan 240SX"
"214","DRIFT CARS",3e+05,"Autoshow","S1",826,"RWD",7.3,5.4,5.3,5.6,4.9,3.7,1350,2900,"2006","Formula Drift #43 Dodge Viper SRT10"
"215","DRIFT CARS",5e+05,"Autoshow","S1",852,"RWD",6.8,5.3,5.7,6.1,4.7,4.4,917,3200,"2007","Formula Drift #117 599 GTB Fiorano"
"216","DRIFT CARS",0,"Autoshow","S1",829,"RWD",6.7,5.4,4.7,3.2,4.5,4,1000,2824,"2009","Formula Drift #99 Mazda RX-8"
"217","DRIFT CARS",3e+05,"Autoshow","S1",848,"RWD",6.4,5.5,5.1,5.4,4.8,3.6,1050,3000,"2013","Formula Drift #777 Chevrolet Corvette"
"218","DRIFT CARS",3e+05,"Autoshow","S1",825,"RWD",5.8,5.4,5.1,5.4,4.7,4.1,986,3100,"2015","Formula Drift #13 Ford Mustang"
"219","DRIFT CARS",3e+05,"Autoshow","S1",808,"RWD",7.6,5.3,4.6,4.8,4.3,4.1,1000,2899,"2016","Formula Drift #530 HSV Maloo GEN-F"
"220","DRIFT CARS",0,"Autoshow","S1",835,"RWD",8.9,5.5,5.1,5.4,4.9,4.4,825,2939,"2017","Formula Drift #357 Chevrolet Corvette"
"221","DRIFT CARS",3e+05,"Autoshow","S1",843,"RWD",7.3,5.4,5.2,5.5,4.4,4,1015,2866,"2018","Formula Drift #64 Nissan 370Z"
"222","DRIFT CARS",0,"Autoshow","S1",840,"RWD",7,5.2,5,5.2,5.5,4.2,1185,3156,"2019","Formula Drift #411 Toyota Corolla Hatchback"
"223","DRIFT CARS",0,"Autoshow","S1",863,"RWD",6.2,5.3,5.5,3.6,5.6,4.1,1033,3156,"2020","Formula Drift #151 Toyota GR Supra"
"224","DRIFT CARS",0,"Autoshow","S1",839,"RWD",6.7,5.3,5.2,5.6,5,3.9,822,2849,"2020","Formula Drift #91 BMW M2"
"225","UNLIMITED BUGGIES",5e+05,"Wheelspin","S1",821,"RWD",5.2,2.9,7.6,8.5,5.1,8.8,1750,2800,"2018","Funco Motorsports F9"
"226","RETRO HOT HATCH",40000,"Season Event","D",499,"FWD",4.8,4.7,3,1.8,2.6,4.6,120,1819,"1984","Honda Civic CRX Mugen"
"227","RETRO SPORTS CARS",90000,"Autoshow","B",691,"RWD",6.2,6.1,4.9,3.8,4.3,4.6,276,2712,"1992","Honda NSX-R"
"228","RETRO HOT HATCH",25000,"Autoshow","C",553,"FWD",5.5,4.8,3.7,3,3,4.7,182,2403,"1997","Honda Civic Type R"
"229","MODERN SPORTS CARS",25000,"Autoshow","B",630,"RWD",6,5.4,4.2,3.7,3.3,5,247,2756,"2003","Honda S2000"
"230","RETRO HOT HATCH",25000,"Autoshow","C",600,"FWD",5.4,5,4.1,3.7,3.5,5.1,212,2624,"2004","Honda Civic Type R"
"231","RETRO SPORTS CARS",150000,"Autoshow","B",691,"RWD",6.4,5.8,5,3.8,4.7,4.9,290,2800,"2005","Honda NSX-R"
"232","RETRO SPORTS CARS",5e+05,"Season Event","A",725,"RWD",6.4,6.7,5.6,4.4,5.6,4.5,276,2800,"2005","Honda NSX-R GT"
"233","HOT HATCH",20000,"Autoshow","C",574,"FWD",5.3,5.4,4,3.2,3.7,5.2,198,2965,"2007","Honda Civic Type R"
"234","MODERN SPORTS CARS",25000,"Autoshow","B",635,"RWD",5.7,5.7,4.6,3.7,3.7,5,237,2813,"2009","Honda S2000 CR"
"235","RALLY MONSTERS",155000,"Season Event","S1",861,"AWD",5,5.6,9.2,8.4,5.8,7.3,600,2746,"2016","Honda Civic Coupe"
"236","SUPER HOT HATCH",38000,"Autoshow","B",699,"FWD",6.5,6,4.7,4.8,4.3,4.6,306,3047,"2016","Honda Civic Type R"
"237","SUPER HOT HATCH",59000,"Autoshow","A",727,"FWD",6.8,6,4.6,4.8,4.6,4.6,306,3117,"2018","Honda Civic Type R"
"238","RODS AND CUSTOMS",76000,"Autoshow","B",621,"RWD",5.7,3.8,4.1,3.1,3,6.4,410,3244,"1955","Hoonigan Chevrolet Bel Air"
"239","DRIFT CARS",5e+05,"Autoshow","S2",951,"AWD",9.2,6.7,10,7.4,5.9,5.5,1400,2998,"1965","Hoonigan Ford ""Hoonicorn"" Mustang"
"240","DRIFT CARS",5e+05,"Season Event","S2",952,"AWD",8.8,6.6,10,7.7,5.9,5.4,1400,2998,"1965","Hoonigan GYMKHANA 10 Ford Hoonicorn Mustang"
"241","CLASSIC MUSCLE",50000,"Autoshow","A",731,"RWD",6.7,5.2,5,5.3,4.7,5,475,3566,"1972","Hoonigan Chevrolet Napalm Nova"
"242","DRIFT CARS",5e+05,"Autoshow","S1",896,"AWD",6.2,6.5,7.9,8.7,6.7,5.7,914,3210,"1977","Hoonigan GYMKHANA 10 Ford F-150 ""Hoonitruck"""
"243","RALLY MONSTERS",3e+05,"Autoshow","S1",820,"RWD",6.2,6.7,5.7,6.1,6.3,4.2,333,1846,"1978","Hoonigan Ford Escort RS1800"
"244","RALLY MONSTERS",5e+05,"Autoshow","S2",904,"AWD",7.6,6.5,9.5,5.1,5.3,8.3,750,2494,"1986","Hoonigan Ford RS200 Evolution"
"245","RALLY MONSTERS",5e+05,"Autoshow","S1",862,"AWD",7.8,6.2,9.1,8.7,5.3,7.6,620,2690,"1991","Hoonigan GYMKHANA 10 Ford Escort Cosworth Group A"
"246","RETRO SUPERCARS",160000,"Mastery Tree","S1",811,"RWD",6.7,7.7,7.2,4.1,5.3,4,385,2976,"1991","Hoonigan Rauh-Welt Begriff Porsche 911 Turbo"
"247","DRIFT CARS",50000,"Mastery Tree","A",799,"RWD",8.3,5.8,4.6,4.7,4.5,3.8,600,2866,"1992","Hoonigan Mazda RX-7 Twerkstallion"
"248","RALLY MONSTERS",5e+05,"Autoshow","A",783,"AWD",5.5,6.1,7.7,4,5.9,7.4,371,2822,"1994","Hoonigan Ford Escort RS Cosworth WRC “Cossie V2”"
"249","RALLY MONSTERS",5e+05,"Wheelspin","S1",862,"AWD",5.1,5.7,9.2,10,6.4,7.2,620,2690,"2016","Hoonigan GYMKHANA 10 Ford Focus RS RX"
"250","RODS AND CUSTOMS",110000,"Wheelspin","A",798,"RWD",8.6,5.2,4.9,5.2,4.5,3.8,1401,4696,"1969","Hot Wheels Twin Mill"
"251","RODS AND CUSTOMS",150000,"Autoshow","A",790,"RWD",6,5.2,5.7,6.2,4.9,4.2,402,2205,"2011","Hot Wheels Bone Shaker"
"252","MODERN MUSCLE",75000,"Autoshow","A",721,"RWD",7,5.5,4.8,4,4.5,4.8,577,4147,"2014","HSV GEN-F GTS"
"253","VANS AND UTILITY",62000,"Autoshow","A",742,"RWD",6.5,5.5,4.8,4.6,4.8,4.4,577,4034,"2014","HSV Limited Edition GEN-F GTS Maloo"
"254","PICK-UP & 4X4'S",112000,"Autoshow","D",354,"AWD",4.2,2.9,2,2.5,2.4,8.6,300,8114,"2006","HUMMER H1 Alpha"
"255","SUPER HOT HATCH",30000,"Wheelspin","B",645,"FWD",6,5.4,4.5,4.7,3.7,5,275,3106,"2019","Hyundai Veloster N"
"256","SUPER SALOONS",50000,"Autoshow","A",735,"RWD",6.8,5.6,4.8,5,4.7,4.6,400,3650,"2015","Infiniti Q60 Concept"
"257","PICK-UP & 4X4'S",40000,"Autoshow","D",384,"AWD",4.1,3,2.7,3.6,2.1,7.8,193,3615,"1970","International Scout 800A"
"258","HYPERCARS",2400000,"Season Event","S1",869,"AWD",7.6,7.7,9.2,8.9,8,4.9,602,3362,"2018","ItalDesign ZeroUno"
"259","CLASSIC RACERS",2.2e+07,"Autoshow","B",630,"RWD",5.6,3.8,3.8,2.6,2.8,4.4,245,2100,"1956","Jaguar D-Type"
"260","CLASSIC RACERS",80000,"Autoshow","D",448,"RWD",4.6,4.1,3.5,2.8,2.8,5.5,220,3360,"1959","Jaguar Mk II 3.8"
"261","RARE CLASSICS",150000,"Autoshow","C",525,"RWD",5.2,4.2,4,2.8,2.7,5.2,265,2900,"1961","Jaguar E-type"
"262","CLASSIC RACERS",7500000,"Autoshow","B",688,"RWD",6.3,4.4,4.7,4.4,3.4,4.6,340,2292,"1964","Jaguar Lightweight E-Type"
"263","CLASSIC RACERS",0,"Autoshow","A",779,"RWD",7.6,4.9,5.1,4.4,4,4.2,502,2557,"1966","Jaguar XJ13"
"264","RETRO SUPERCARS",5e+05,"Barn","S1",828,"RWD",7.5,8,6,6.3,6.8,4.7,450,2315,"1991","Jaguar Sport XJR-15"
"265","RETRO SUPERCARS",350000,"Wheelspin","A",786,"RWD",7.7,6.4,5.2,2.2,5.2,4.8,542,3241,"1993","Jaguar XJ220"
"266","RETRO SUPERCARS",0,"Autoshow","S1",848,"RWD",8.2,6.8,6.4,2.7,6,4.6,680,2379,"1993","Jaguar XJ220S TWR"
"267","MODERN SUPERCARS",1500000,"Autoshow","S1",880,"AWD",8.1,7.8,9.4,10,8,4.1,890,3750,"2010","Jaguar C-X75"
"268","GT CARS",1e+05,"Autoshow","A",756,"RWD",7.5,6.1,4.9,5.1,4.3,4.4,542,3865,"2012","Jaguar XKR-S"
"269","GT CARS",110000,"Wheelspin","A",777,"RWD",7.5,5.9,5.2,5.4,6,4.2,550,3638,"2015","Jaguar F-Type R Coupé"
"270","SUPER SALOONS",57000,"Autoshow","B",671,"RWD",6.8,5.5,4.7,4.8,3.7,4.9,340,3787,"2015","Jaguar XE-S"
"271","SUPER SALOONS",110000,"Autoshow","A",728,"RWD",7.5,5.7,5,5.2,4.2,4.6,550,4380,"2015","Jaguar XFR-S"
"272","TRACK TOYS",250000,"Season Event","A",778,"RWD",7.2,6,5.2,5.4,6.4,4.5,542,3977,"2015","Jaguar XKR-S"
"273","TRACK TOYS",190000,"Wheelspin","A",786,"RWD",7,6.3,5.1,5.4,6.5,4.3,567,3571,"2016","Jaguar F-TYPE Project 7"
"274","SPORTS UTILITY HEROES",55000,"Autoshow","B",674,"AWD",6,5,5.4,4.8,3.8,6.5,380,4015,"2017","Jaguar F-PACE S"
"275","SPORTS UTILITY HEROES",87000,"Autoshow","A",705,"AWD",4.5,4.9,4.5,4.7,3.7,5.8,394,4868,"2018","Jaguar I-PACE"
"276","PICK-UP & 4X4'S",60000,"Autoshow","D",431,"AWD",3.7,3,4.3,5.3,2.6,7.6,151,2271,"1976","Jeep CJ5 Renegade"
"277","PICK-UP & 4X4'S",50000,"Autoshow","D",463,"AWD",4.6,3.1,4,3.2,2.4,8,285,4132,"2012","Jeep Wrangler Rubicon"
"278","SPORTS UTILITY HEROES",80000,"Autoshow","B",680,"AWD",6,4.1,6,5.8,4,6.7,470,5150,"2014","Jeep Grand Cherokee SRT"
"279","UNLIMITED OFFROAD",75000,"Autoshow","A",744,"AWD",6.2,3.9,5.5,4.1,4,10,707,4600,"2016","Jeep Trailcat"
"280","SPORTS UTILITY HEROES",73000,"Autoshow","A",749,"AWD",6.9,5.1,8.5,7.8,4.9,5.6,707,5350,"2018","Jeep Grand Cherokee Trackhawk"
"281","PICK-UP & 4X4'S",45000,"Autoshow","D",456,"AWD",4.8,3,3.6,3.2,2.5,8.4,285,5073,"2020","Jeep Gladiator Rubicon"
"282","HYPERCARS",4e+05,"Autoshow","S1",846,"RWD",8.7,7.6,6.1,3.8,6.4,4.7,564,2811,"2002","Koenigsegg CC8S"
"283","EXTREME TRACK TOYS",1e+06,"Wheelspin","S2",965,"RWD",7.8,10,6.8,7.1,10,3.9,610,2425,"2008","Koenigsegg CCGT"
"284","HYPERCARS",2800000,"Autoshow","S2",983,"RWD",10,9.5,7,7.5,10,4.3,1341,2998,"2015","Koenigsegg One:1"
"285","HYPERCARS",1900000,"Autoshow","S2",966,"RWD",9.1,7.9,5.8,6.2,9.2,4.2,1500,3589,"2016","Koenigsegg Regera"
"286","HYPERCARS",2e+06,"Autoshow","S2",980,"RWD",10,9.7,7,7.6,9.7,4.3,1341,3075,"2017","Koenigsegg Agera RS"
"287","HYPERCARS",2800000,"Autoshow","S2",971,"RWD",10,10,6.9,7.4,9,4.4,1280,3131,"2020","Koenigsegg Jesko"
"288","TRACK TOYS",105000,"Autoshow","S1",802,"RWD",5.2,8,6.8,7.4,7.8,3.9,295,1786,"2013","KTM X-Bow R"
"289","RARE CLASSICS",1e+06,"Autoshow","B",625,"RWD",5.9,4.9,3.8,2.7,3.1,5.1,350,2745,"1967","Lamborghini Miura P400"
"290","RETRO SUPERCARS",110000,"Autoshow","C",597,"RWD",5.8,4.7,4.1,3.1,3,5.1,350,3605,"1973","Lamborghini Espada 400 GT"
"291","PICK-UP & 4X4'S",180000,"Autoshow","C",562,"AWD",5.3,3.3,2.9,1.8,3.2,8.7,450,5952,"1986","Lamborghini LM 002"
"292","RETRO SUPERCARS",220000,"Autoshow","A",735,"RWD",6.8,6.2,4.7,3.6,4.3,4.8,455,3284,"1988","Lamborghini Countach LP5000 QV"
"293","RETRO SUPERCARS",174000,"Autoshow","A",763,"RWD",7.7,6.2,5.2,4.2,4.9,4.6,530,3474,"1997","Lamborghini Diablo SV"
"294","EXTREME TRACK TOYS",1e+06,"Mastery Tree","S1",881,"RWD",7.8,9,6.8,5.9,7.8,4.1,590,3086,"1999","Lamborghini Diablo GTR"
"295","MODERN SUPERCARS",1375000,"Car Collection","S1",817,"AWD",7.8,7,5.2,4.4,7.1,5.1,641,4015,"2008","Lamborghini Reventón"
"296","MODERN SUPERCARS",5e+05,"Autoshow","S1",818,"AWD",7.8,7.2,5.2,4.5,6.9,5,661,3794,"2010","Lamborghini Murciélago LP 670-4 SV"
"297","MODERN SUPERCARS",280000,"Accolade","S1",814,"AWD",7.5,7.1,7.4,6.9,5.3,5,562,3298,"2011","Lamborghini Gallardo LP 570-4 Superleggera"
"298","EXTREME TRACK TOYS",2500000,"Autoshow","S2",936,"AWD",7.8,10,10,10,10,4.6,571,2202,"2011","Lamborghini Sesto Elemento"
"299","EXTREME TRACK TOYS",2750000,"Wheelspin","S2",998,"AWD",8.4,10,10,10,10,5.1,638,2039,"2011","Lamborghini Sesto Elemento Forza Edition"
"300","HYPERCARS",2700000,"Season Event","S1",839,"AWD",7.9,7.1,7.7,7,7.1,5.1,700,3816,"2012","Lamborghini Aventador J"
"301","HYPERCARS",380000,"Autoshow","S1",847,"AWD",8.9,7.1,8.2,7.4,7.3,5,700,3816,"2012","Lamborghini Aventador LP700-4"
"302","MODERN SUPERCARS",280000,"Season Event","A",797,"AWD",7.1,6.8,6.7,6.3,6.6,5.1,562,3618,"2012","Lamborghini Gallardo LP 570-4 Spyder Performante"
"303","HYPERCARS",3e+06,"Autoshow","S2",910,"AWD",8.2,9.4,8.8,8.1,9.7,4.6,740,3629,"2013","Lamborghini Veneno"
"304","MODERN SUPERCARS",240000,"Autoshow","S1",838,"AWD",7.8,7.1,7.8,7.4,7.1,5,602,3422,"2014","Lamborghini Huracán LP 610-4"
"305","HYPERCARS",480000,"Autoshow","S1",872,"AWD",8.5,7.9,8.7,8,8.1,5,740,3706,"2016","Lamborghini Aventador Superveloce"
"306","HYPERCARS",2300000,"Autoshow","S1",884,"AWD",8.3,8.7,8.7,8,8.9,4.6,759,3693,"2016","Lamborghini Centenario LP 770-4"
"307","HYPERCARS",5e+05,"Season Event","S1",889,"AWD",8,8.6,8.3,7.6,8.2,4.7,759,3607,"2018","Lamborghini Aventador SVJ"
"308","TRACK TOYS",275000,"Autoshow","S1",874,"AWD",7.6,8.2,9.8,10,7.9,4.7,630,3333,"2018","Lamborghini Huracán Performante"
"309","SPORTS UTILITY HEROES",150000,"Autoshow","A",767,"AWD",7.1,5.6,6.1,5.1,6.2,6.1,641,4850,"2019","Lamborghini Urus"
"310","MODERN SUPERCARS",340000,"Autoshow","S1",851,"AWD",7.3,7.7,9.3,10,7.4,4.6,630,3422,"2020","Lamborghini Huracán EVO"
"311","PICK-UP & 4X4'S",20000,"Autoshow","D",100,"AWD",2.6,3,1.6,2.3,2,7.2,69,3097,"1972","Land Rover Series III"
"312","PICK-UP & 4X4'S",50000,"Autoshow","D",274,"AWD",3.3,3.1,2.3,3.5,2.5,7.8,135,3800,"1973","Land Rover Range Rover"
"313","PICK-UP & 4X4'S",30000,"Autoshow","D",366,"AWD",3.8,3.2,2.7,1.8,2.5,8.2,182,3902,"1997","Land Rover Defender 90"
"314","SPORTS UTILITY HEROES",133000,"Autoshow","A",722,"AWD",6.5,4,6,6.2,4.1,7.2,550,5148,"2015","Land Rover Range Rover Sport SVR"
"315","SPORTS UTILITY HEROES",85000,"Autoshow","B",638,"AWD",6,4.1,4.4,4.1,3.7,6.9,375,4676,"2018","Land Rover Range Rover Velar First Edition"
"316","SPORTS UTILITY HEROES",80000,"Autoshow","C",534,"AWD",5.4,3.1,4.7,6,2.9,7.2,395,5260,"2020","Land Rover Defender 110 X"
"317","RETRO SPORTS CARS",25000,"Autoshow","C",555,"RWD",5.6,5.1,4,3.1,3,5.5,225,3560,"1997","Lexus SC300"
"318","MODERN SUPERCARS",5e+05,"Autoshow","S1",810,"RWD",7.4,6.6,5.8,6,7,4.5,552,3263,"2010","Lexus LFA"
"319","SUPER SALOONS",75000,"Autoshow","A",741,"RWD",6.7,5.9,5,5.2,5.2,4.8,467,3957,"2015","Lexus RC F"
"320","UNLIMITED OFFROAD",1e+05,"Autoshow","A",716,"RWD",6,3.8,4.5,3.6,4,10,430,3800,"2014","Local Motors Rally Fighter"
"321","CLASSIC RACERS",850000,"Autoshow","S1",818,"RWD",7.1,5.7,7,7.7,4.8,4.2,460,1852,"1969","Lola #6 Penske Sunoco T70 MkIIIB"
"322","CLASSIC SPORTS CARS",57000,"Autoshow","D",443,"RWD",4.6,4,3.5,2.5,2.4,4.9,126,1640,"1971","Lotus Elan Sprint"
"323","RETRO SUPERCARS",1800000,"Autoshow","A",794,"RWD",6.4,8.1,5.6,3.4,7.1,4.6,350,2425,"1997","Lotus Elise GT1"
"324","RETRO SPORTS CARS",81000,"Autoshow","A",711,"RWD",5.3,6,5.8,4.8,5.1,4.8,190,1477,"1999","Lotus Elise Series 1 Sport 190"
"325","MODERN SPORTS CARS",85000,"Autoshow","A",754,"RWD",6.4,6.3,6.5,6.2,5.4,4.8,345,2593,"2012","Lotus Exige S"
"326","TRACK TOYS",150000,"Autoshow","S1",839,"RWD",6.5,7.7,7.5,7.8,7.1,4.6,410,2103,"2016","Lotus 3-Eleven"
"327","HYPERCARS",2500000,"Autoshow","S2",994,"AWD",7.6,7.9,7.6,8.5,10,3.9,1973,3704,"2020","Lotus Evija"
"328","VINTAGE RACERS",1e+07,"Season Event","B",657,"RWD",6.7,3.9,3.8,3.2,2.9,4,360,1764,"1939","Maserati 8CTF"
"329","EXTREME TRACK TOYS",2500000,"Autoshow","S2",961,"RWD",7.6,10,8.1,8.8,10,3.9,756,2646,"2008","Maserati MC12 Versione Corsa"
"330","GT CARS",156000,"Autoshow","A",702,"RWD",6.9,6,5.4,4.8,4.5,5,432,4146,"2010","Maserati Gran Turismo S"
"331","TRACK TOYS",5e+05,"Wheelspin","S1",900,"RWD",7.9,8.9,6.7,7.3,9.6,3.8,603,3086,"2010","Maserati Gran Turismo S Forza Edition"
"332","SPORTS UTILITY HEROES",85000,"Autoshow","B",696,"AWD",6.6,5,5.1,2.4,4.3,6.4,424,4649,"2017","Maserati Levante S"
"333","RETRO SPORTS CARS",25000,"Wheelspin","C",558,"RWD",5.7,4.9,4.3,3.3,3.1,5.1,200,2981,"1990","Mazda Savanna RX-7"
"334","RETRO SPORTS CARS",25000,"Autoshow","D",445,"RWD",4.5,4.5,3.4,2.3,2.5,4.9,128,2330,"1994","Mazda MX-5 Miata"
"335","RETRO SPORTS CARS",35000,"Autoshow","B",645,"RWD",6.6,5.5,4.8,3,3.3,5,261,2831,"1997","Mazda RX-7"
"336","RETRO SPORTS CARS",30000,"Autoshow","B",687,"RWD",6.5,5.7,5,3.5,4.1,5,276,2800,"2002","Mazda RX-7 Spirit R Type-A"
"337","RETRO SPORTS CARS",25000,"Autoshow","C",587,"RWD",5.1,5.5,3.4,3.8,3.5,4.6,178,2529,"2005","Mazda Mazdaspeed MX-5"
"338","MODERN SPORTS CARS",27000,"Autoshow","B",624,"RWD",5.8,5.5,4.6,3.8,3.7,5.1,232,3065,"2011","Mazda RX-8 R3"
"339","MODERN SPORTS CARS",26000,"Autoshow","C",549,"RWD",4.8,5.4,3.9,3.4,3.4,5.1,167,2593,"2013","Mazda MX-5"
"340","MODERN SPORTS CARS",35000,"Autoshow","B",620,"RWD",5.4,5.6,4.6,4.7,3.7,5.1,155,2310,"2016","Mazda MX-5"
"341","RETRO SUPERCARS",1.5e+07,"Wheelspin","S1",817,"RWD",8.8,6.6,6.3,5.8,5.4,4.5,627,2840,"1993","McLaren F1"
"342","RETRO SUPERCARS",1.5e+07,"Autoshow","S1",866,"RWD",8.4,8.2,6.2,5.8,7,4.3,618,2469,"1997","McLaren F1 GT"
"343","HYPERCARS",1350000,"Autoshow","S2",928,"RWD",9.1,8.4,6.9,7.5,9.5,4.3,903,3296,"2013","McLaren P1"
"344","MODERN SUPERCARS",224000,"Autoshow","S1",824,"RWD",7.3,6.9,6.3,4.4,7.1,4.4,562,3201,"2015","McLaren 570S Coupé"
"345","MODERN SUPERCARS",224000,"Autoshow","S1",824,"RWD",7.6,7.2,6.8,4.8,7.5,4.6,562,3201,"2015","McLaren 650S Coupé"
"346","TRACK TOYS",260000,"Autoshow","S1",868,"RWD",7.4,7.7,6.7,5.3,7.8,4.3,591,2989,"2018","McLaren 600LT Coupé"
"347","MODERN SUPERCARS",340000,"Car Collection","S1",899,"RWD",8.4,7.7,6.9,7.6,8.8,4.5,710,3128,"2018","McLaren 720S Coupé"
"348","HYPERCARS",1e+06,"Autoshow","S2",934,"RWD",8,9.3,7.2,7.8,10,4.2,789,2886,"2018","McLaren Senna"
"349","MODERN SUPERCARS",340000,"Autoshow","S1",887,"RWD",7.5,7.4,6.9,7.5,8.9,4.4,711,3236,"2019","McLaren 720S Spider"
"350","HYPERCARS",2250000,"Autoshow","S2",910,"RWD",9.6,7.4,6.8,7.4,7.4,3.7,1036,3521,"2019","McLaren Speedtail"
"351","SUPER GT",210000,"Autoshow","S1",823,"RWD",7.4,6.5,6.6,4.3,5.3,4.6,611,3384,"2020","McLaren GT"
"352","SUPER SALOONS",90000,"Autoshow","A",755,"RWD",7,5.9,5.2,5.5,5.6,4.6,503,3968,"2016","Mercedes-AMG C 63 S Coupé"
"353","SUPER GT",295000,"Autoshow","S1",837,"RWD",7.5,7,6.4,7,7.2,4.5,577,3428,"2017","Mercedes-AMG GT R"
"354","SUPER SALOONS",135000,"Wheelspin","A",778,"AWD",7.6,6,8.7,9.7,4.8,5.1,603,4515,"2018","Mercedes-AMG E 63 S"
"355","SUPER SALOONS",175000,"Autoshow","A",768,"AWD",8,5.8,8.4,9.4,4.5,5.2,630,4508,"2018","Mercedes-AMG GT 4-Door Coupé"
"356","HYPERCARS",2700000,"Autoshow","S2",927,"AWD",7.7,8.9,7.5,3.2,10,4.7,877,3737,"2021","Mercedes-AMG Mercedes-AMG ONE"
"357","info_not_found",0,"This info will be available soon","info_not_found",NA,"info_not_found",NA,NA,NA,NA,NA,NA,0,2094,"2021","Mercedes-AMG Mercedes-AMG ONE Forza Edition"
"358","RARE CLASSICS",7500000,"Autoshow","D",256,"RWD",4.1,3.6,3,1.8,1.9,5.5,200,3725,"1929","Mercedes-Benz SSK"
"359","VINTAGE RACERS",2e+07,"Car Collection","B",672,"RWD",7.9,3.8,4.1,3.3,2.8,4.2,483,2683,"1939","Mercedes-Benz W154"
"360","RARE CLASSICS",1200000,"Autoshow","D",498,"RWD",5.1,4.2,3.6,2.3,2.4,5.6,241,2960,"1954","Mercedes-Benz 300 SL Coupé"
"361","RETRO SALOONS",165000,"Autoshow","B",681,"RWD",7.2,5.5,4.2,3,3.8,4.7,379,3640,"1987","Mercedes-Benz AMG Hammer Coupe"
"362","RETRO SALOONS",150000,"Autoshow","C",579,"RWD",6.2,4.9,4,3.6,2.9,4.4,235,2954,"1990","Mercedes-Benz 190E 2.5-16 Evolution II"
"363","RETRO SUPERCARS",2e+06,"Autoshow","S1",829,"RWD",7.5,7.6,6.1,5.1,6.5,4.2,622,3175,"1998","Mercedes-Benz AMG CLK GTR"
"364","EXTREME TRACK TOYS",2250000,"Wheelspin","S2",998,"RWD",7.8,10,8.2,9,10,3.7,1000,2315,"1998","Mercedes-Benz AMG CLK GTR Forza Edition"
"365","SUPER GT",2e+05,"Autoshow","S1",804,"RWD",7.6,6.5,5.8,6.2,6.4,4.4,571,3571,"2011","Mercedes-Benz SLS AMG"
"366","SUPER SALOONS",150000,"Autoshow","A",768,"RWD",7.6,6.1,5.1,5.3,4.9,4.6,510,3854,"2012","Mercedes-Benz C 63 AMG Coupé Black Series"
"367","MODERN SPORTS CARS",78000,"Autoshow","A",740,"RWD",7.3,5.9,5.4,5.7,4.5,4.8,415,3527,"2012","Mercedes-Benz SLK 55 AMG"
"368","SUPER HOT HATCH",65000,"Autoshow","A",707,"AWD",6.7,6.2,6.6,4.5,4.4,5.1,355,3263,"2013","Mercedes-Benz A 45 AMG"
"369","SUPER SALOONS",105000,"Autoshow","A",751,"AWD",7.7,6,7,7.8,4.5,5.2,577,4277,"2013","Mercedes-Benz E 63 AMG"
"370","PICK-UP & 4X4'S",350000,"Autoshow","B",639,"AWD",5.9,3.2,6.6,8,3.2,8,603,5688,"2013","Mercedes-Benz G 65 AMG"
"371","PICK-UP & 4X4'S",525000,"Autoshow","B",606,"AWD",5.6,3.6,4,6.6,4.1,9.3,536,9050,"2014","Mercedes-Benz G 63 AMG 6x6"
"372","TRUCKS",1e+05,"Autoshow","D",103,"AWD",2.8,3.3,1.3,3,2.7,8.7,228,15432,"2014","Mercedes-Benz Unimog U5023"
"373","TRUCKS",5e+05,"Autoshow","A",702,"RWD",5.1,5.6,5.4,5.8,5,5,1080,12125,"2015","Mercedes-Benz #24 Tankpool24 Racing Truck"
"374","UNLIMITED OFFROAD",750000,"Wheelspin","A",800,"AWD",6.1,3.3,8.8,10,5.3,9.7,1743,3685,"2015","Mercedes-Benz #24 Tankpool24 Racing Truck Forza Edition"
"375","PICK-UP & 4X4'S",65000,"Autoshow","D",368,"AWD",4.2,3.2,2.4,4.2,2.8,7.8,188,4764,"2018","Mercedes-Benz X-Class"
"376","CLASSIC MUSCLE",0,"Autoshow","D",491,"RWD",5.8,3.6,3.1,2.8,2.2,4.9,370,3947,"1970","Mercury Cyclone Spoiler"
"377","CULT CARS",35000,"Wheelspin","D",291,"RWD",3.1,4.3,2.9,5.3,2.6,5.9,60,1235,"1971","Meyers Manx"
"378","TRACK TOYS",5e+05,"Wheelspin","A",800,"RWD",5.2,6.8,8.2,9.3,7.7,3.8,250,1102,"1971","Meyers Manx Forza Edition"
"379","RALLY MONSTERS",125000,"Wheelspin","S1",811,"AWD",4.6,5.9,8.8,8.2,5.8,7.5,410,2271,"1986","MG Metro 6R4"
"380","CLASSIC RALLY",30000,"Autoshow","D",281,"FWD",3.6,3.2,2.6,2.7,2,4.1,75,1480,"1965","Mini Cooper S"
"381","HOT HATCH",25000,"Autoshow","C",598,"FWD",5.4,5,4.1,4.1,3.8,4.7,208,2701,"2009","Mini John Cooper Works"
"382","HOT HATCH",38000,"Autoshow","B",628,"FWD",5.4,4.9,4.2,4.3,3.7,4.6,215,2557,"2012","Mini John Cooper Works GP"
"383","OFFROAD",250000,"Wheelspin","B",632,"AWD",3.3,4.7,5.2,8.4,4.1,8.1,307,4299,"2013","Mini X-Raid ALL4 Racing Countryman"
"384","SPORTS UTILITY HEROES",38500,"Autoshow","C",537,"AWD",5.1,5,3.8,5.3,3,5.7,228,3653,"2018","Mini John Cooper Works Countryman ALL4"
"385","OFFROAD",250000,"Autoshow","B",632,"RWD",4.5,3.7,4.9,6.6,4.9,10,340,4328,"2018","Mini X-Raid John Cooper Works Buggy"
"386","RETRO SPORTS CARS",20000,"Autoshow","C",549,"RWD",5.2,5,4.2,3.5,2.9,5.3,188,3087,"1988","Mitsubishi Starion ESI-R"
"387","RETRO SPORTS CARS",25000,"Autoshow","C",543,"AWD",5.9,4.8,3.9,3.2,2.8,5.4,210,3199,"1995","Mitsubishi Eclipse GSX"
"388","RETRO SPORTS CARS",20000,"Autoshow","B",610,"AWD",6.1,5.1,4.5,3.6,3.4,5.5,320,3704,"1997","Mitsubishi GTO"
"389","RETRO RALLY",28000,"Autoshow","B",659,"AWD",5.6,5.3,5.6,3.8,3.7,5.5,280,2822,"1999","Mitsubishi Lancer Evolution VI GSR"
"390","MODERN RALLY",31000,"Autoshow","B",664,"AWD",6.2,5.4,5.7,3.1,3.6,5.7,305,3109,"2004","Mitsubishi Lancer Evolution VIII MR"
"391","MODERN RALLY",27000,"Autoshow","B",632,"AWD",5.9,5.4,4.7,2.4,3.6,5.6,286,3285,"2006","Mitsubishi Lancer Evolution IX MR"
"392","MODERN RALLY",43000,"Autoshow","B",649,"AWD",5.7,5.5,5.1,2.9,3.7,5.7,305,3395,"2008","Mitsubishi Lancer Evolution X GSR"
"393","MODERN RALLY",43000,"Autoshow","A",800,"AWD",7.1,5.8,9.2,4.6,4.1,8.1,583,3395,"2008","Mitsubishi Lancer Evolution X GSR ""Welcome Pack"""
"394","CULT CARS",50000,"Autoshow","D",488,"RWD",4,3.2,3.3,3.2,2.9,4.2,82,1200,"2014","Morgan 3 Wheeler"
"395","TRACK TOYS",5e+05,"Wheelspin","A",800,"RWD",4.9,6.4,5.9,6.3,6.4,2.9,308,1433,"1953","Morris Minor 1000 Forza Edition"
"396","CULT CARS",20000,"Autoshow","D",100,"RWD",2.7,4,1.6,2.1,1.9,5.6,37,1764,"1958","Morris Minor 1000"
"397","EXTREME TRACK TOYS",320000,"Autoshow","S2",919,"RWD",8.2,9.8,7.4,8.1,8.4,4.7,530,2480,"2010","Mosler MT900S"
"398","VINTAGE RACERS",1500000,"Autoshow","B",603,"RWD",6.5,4.1,3.7,3.6,3.1,4.4,564,4518,"1933","Napier Napier-Railton"
"399","CLASSIC SPORTS CARS",150000,"Car Collection","D",482,"RWD",4.4,4.7,3.6,2.4,2.7,5.2,160,2308,"1969","Nissan Fairlady Z 432"
"400","CLASSIC SPORTS CARS",60000,"Autoshow","D",493,"RWD",4.7,4.4,3.6,2.5,2.6,5,160,2425,"1971","Nissan Skyline 2000GT-R"
"401","CLASSIC SPORTS CARS",170000,"Autoshow","C",518,"RWD",4.7,4.5,3.4,2.2,3,5.8,158,2524,"1973","Nissan Skyline H/T 2000GT-R"
"402","RETRO SPORTS CARS",1e+05,"Autoshow","C",543,"RWD",5.7,4.7,4,2.5,2.7,4.9,206,2965,"1987","Nissan Skyline GTS-R (HR31)"
"403","RETRO RALLY",20000,"Autoshow","C",594,"AWD",5.4,4.8,5.5,3.4,2.9,5.1,227,2734,"1990","Nissan Pulsar GTI-R"
"404","RETRO SPORTS CARS",25000,"Autoshow","C",537,"RWD",5.5,4.7,3.8,3.5,2.7,4.8,202,2535,"1992","Nissan Silvia CLUB K's"
"405","RETRO SPORTS CARS",25000,"Autoshow","D",445,"RWD",5.1,4.6,3.3,2.5,2.5,5.3,155,2915,"1993","Nissan 240SX SE"
"406","RETRO SPORTS CARS",85000,"Autoshow","B",626,"AWD",5.8,5.7,4.5,2.7,3.6,5.3,320,3307,"1993","Nissan Skyline GT-R V-Spec"
"407","RETRO SPORTS CARS",20000,"Autoshow","B",607,"RWD",6,5.2,4.3,2.7,3.2,4.9,276,3351,"1994","Nissan Fairlady Z Version S Twin Turbo"
"408","RETRO SPORTS CARS",25000,"Autoshow","B",617,"RWD",5.8,5.3,4.4,2.7,3.4,5.2,217,2789,"1994","Nissan Silvia K's"
"409","RETRO SPORTS CARS",1100000,"Autoshow","B",658,"RWD",5.9,6.6,4.5,3,4,4,300,3483,"1995","Nissan NISMO GT-R LM"
"410","RETRO SPORTS CARS",37000,"Autoshow","B",635,"AWD",6.1,5.7,4.8,2.5,3.7,5.4,278,3393,"1997","Nissan Skyline GT-R V-Spec"
"411","RETRO SUPERCARS",1250000,"Autoshow","S1",859,"RWD",7.1,7.8,6.3,2.5,7.1,3.5,550,2264,"1998","Nissan R390 (GT1)"
"412","RETRO SPORTS CARS",25000,"Autoshow","B",609,"RWD",5.7,5.2,4.4,2.5,3.4,5.3,217,2789,"1998","Nissan Silvia K's Aero"
"413","RETRO SPORTS CARS",35000,"Autoshow","B",632,"RWD",5.9,5.4,4.6,2.6,3.7,5.4,250,2734,"2000","Nissan Silvia Spec-R"
"414","RETRO SPORTS CARS",63000,"Autoshow","B",657,"AWD",6.1,5.6,4.9,2.6,3.6,5.4,327,3439,"2002","Nissan Skyline GT-R V-Spec II"
"415","RETRO SPORTS CARS",35000,"Autoshow","B",650,"RWD",6.5,5.5,4.6,4,3.5,4.8,287,3310,"2003","Nissan Fairlady Z"
"416","UNLIMITED OFFROAD",5e+05,"Wheelspin","A",800,"RWD",5,3,5.4,5.5,6.4,8.3,542,2756,"2003","Nissan Fairlady Z Forza Edition"
"417","UNLIMITED OFFROAD",5e+05,"Autoshow","C",577,"AWD",4.4,5.5,3.1,4.5,4.8,9.9,268,4740,"2004","Nissan Pickup #23 Rally Raid"
"418","MODERN SPORTS CARS",40000,"Autoshow","B",688,"RWD",6.6,5.7,4.8,4.6,3.9,4.8,332,3267,"2010","Nissan 370Z"
"419","MODERN SUPERCARS",105000,"Autoshow","S1",810,"AWD",7.6,6.7,8.5,8.1,5.3,5,542,3887,"2012","Nissan GT-R Black Edition (R35)"
"420","PICK-UP & 4X4'S",50000,"Autoshow","D",486,"AWD",4.7,3.6,3.2,3.6,3.2,8.9,310,7388,"2016","Nissan Titan Warrior Concept"
"421","MODERN SUPERCARS",132000,"Autoshow","S1",814,"AWD",7.5,6.7,8.7,7.8,5.3,4.8,565,3933,"2017","Nissan GT-R (R35)"
"422","RALLY MONSTERS",1e+05,"Autoshow","B",691,"RWD",5.8,4.9,4.6,4.8,3.7,6.6,275,2183,"1984","Opel Manta 400"
"423","HYPERCARS",2100000,"Autoshow","S1",896,"RWD",7.4,8,6.5,6.9,8.9,4.5,678,2858,"2009","Pagani Zonda Cinque Roadster"
"424","EXTREME TRACK TOYS",1800000,"Autoshow","S2",959,"RWD",8,10,7.3,7.9,10,3.9,739,2536,"2010","Pagani Zonda R"
"425","HYPERCARS",2700000,"Wheelspin","S2",929,"RWD",8.4,9.1,7,7.6,10,4.2,740,2685,"2016","Pagani Huayra BC"
"426","EXTREME TRACK TOYS",2700000,"Wheelspin","S2",998,"RWD",8.1,10,8,8.8,10,3.7,1006,2425,"2016","Pagani Huayra BC Forza Edition"
"427","CULT CLASSICS",250000,"Season Event","D",100,"RWD",1.2,3,1,2.3,3.9,4.5,4,311,"1962","Peel P50"
"428","CULT CLASSICS",250000,"Season Event","D",100,"RWD",1.3,3,1,2.5,2.6,5.5,4,353,"1965","Peel Trident"
"429","UNLIMITED BUGGIES",1e+05,"Autoshow","B",655,"RWD",4.1,3.7,5.7,4.8,4.3,10,196,2200,"2011","Penhall The Cholla"
"430","RETRO RALLY",2e+05,"Wheelspin","B",616,"AWD",5,5,4.4,1.6,3.6,7.2,200,2524,"1984","Peugeot 205 Turbo 16"
"431","RETRO HOT HATCH",20000,"Autoshow","D",462,"FWD",4.3,4.4,2.9,3.8,2.5,4.9,99,1742,"1991","Peugeot 205 Rallye"
"432","RALLY MONSTERS",150000,"Autoshow","A",755,"AWD",5.3,6.2,5.9,5.2,5.7,8,280,2425,"2007","Peugeot 207 Super 2000"
"433","CLASSIC MUSCLE",160000,"Autoshow","C",547,"RWD",5.6,3.7,3.4,3.3,2.4,5.3,425,3880,"1971","Plymouth Cuda 426 Hemi"
"434","UTV'S",25000,"Autoshow","C",501,"AWD",3.4,3.5,3.8,3.8,4.4,9,110,1530,"2015","Polaris RZR XP 1000 EPS"
"435","CLASSIC MUSCLE",48000,"Autoshow","D",484,"RWD",4.7,3.2,3.1,2.9,2,5.4,360,3468,"1965","Pontiac GTO"
"436","CLASSIC MUSCLE",45000,"Autoshow","D",418,"RWD",5.1,3.9,3.1,2,2.1,5.7,201,3800,"1977","Pontiac Firebird Trans Am"
"437","RETRO MUSCLE",25000,"Autoshow","D",485,"RWD",5.5,4.1,3.4,3.1,2.4,4.8,210,3483,"1987","Pontiac Firebird Trans Am GTA"
"438","TRACK TOYS",5e+05,"Wheelspin","S1",900,"RWD",6.9,7.1,5.5,5.8,6.3,3.4,850,3219,"1987","Pontiac Firebird Trans Am GTA Forza Edition"
"439","RARE CLASSICS",240000,"Autoshow","D",241,"RWD",3.8,3.7,1.8,2.1,1.8,5.3,75,1931,"1959","Porsche 356 A 1600 Super"
"440","CLASSIC RACERS",1.5e+07,"Autoshow","S1",856,"RWD",8.2,5.9,7.2,7.1,4.9,4,601,2044,"1970","Porsche #3 917 LH"
"441","CLASSIC SPORTS CARS",24000,"Autoshow","D",427,"RWD",4.4,4.2,3.4,2.8,2.5,5.2,125,2196,"1970","Porsche 914/6"
"442","RARE CLASSICS",350000,"Barn","B",601,"RWD",5.2,4.9,5.1,3.7,3.1,5,207,2450,"1973","Porsche 911 Carrera RS"
"443","RETRO SUPERCARS",150000,"Autoshow","B",666,"RWD",5.6,5.2,4.8,2,4.1,5.2,296,2866,"1982","Porsche 911 Turbo 3.3"
"444","RALLY MONSTERS",1500000,"Autoshow","A",742,"AWD",6.1,5.4,7.5,6.1,4.3,7.6,394,3322,"1985","Porsche #185 959 Prodrive Rally Raid"
"445","RETRO SUPERCARS",2e+06,"Autoshow","A",764,"AWD",7.3,6.2,8.2,4.7,4.9,4.7,450,3190,"1987","Porsche 959"
"446","RALLY MONSTERS",5e+05,"Autoshow","B",694,"RWD",4.8,5,5.7,4.8,4.1,8.5,325,2840,"1989","Porsche #65 Rothsport Racing 911 'Desert Flyer'"
"447","RETRO SPORTS CARS",35000,"Autoshow","B",651,"RWD",5.8,5.3,4.9,2.6,4.1,5.3,247,3115,"1989","Porsche 944 Turbo"
"448","RETRO SPORTS CARS",140000,"Autoshow","A",701,"RWD",6.2,5.2,5.3,4.5,4.1,4.8,305,2866,"1993","Porsche 968 Turbo S"
"449","RETRO SUPERCARS",550000,"Autoshow","A",753,"RWD",6.5,6.3,6.7,5.7,5.3,4.5,424,2855,"1995","Porsche 911 GT2"
"450","RETRO SUPERCARS",2500000,"Autoshow","S1",840,"RWD",7.2,7.9,6,6.3,8.7,3.9,536,2646,"1998","Porsche 911 GT1 Strassenversion"
"451","RETRO SUPERCARS",1e+06,"Autoshow","S1",845,"RWD",7.6,7.1,6.6,7.2,7.5,4.5,605,3258,"2003","Porsche Carrera GT"
"452","RETRO SUPERCARS",65000,"Autoshow","A",778,"RWD",7.1,6.9,6.4,5.7,5.3,4.8,381,3160,"2004","Porsche 911 GT3"
"453","TRACK TOYS",240000,"Autoshow","S1",860,"RWD",7.7,7.6,8,6.3,7.7,4.6,611,3020,"2012","Porsche 911 GT2 RS"
"454","MODERN SUPERCARS",150000,"Autoshow","S1",808,"AWD",7.9,6.6,8.3,9.3,6.7,4.6,560,3607,"2014","Porsche 911 Turbo S"
"455","HYPERCARS",850000,"Autoshow","S2",920,"AWD",8.8,8.9,10,10,9.3,4.6,887,3692,"2014","Porsche 918 Spyder"
"456","MODERN SPORTS CARS",80000,"Autoshow","A",767,"RWD",6.6,6.4,6.1,6.2,5.2,4.6,340,2965,"2015","Porsche Cayman GTS"
"457","TRACK TOYS",235000,"Autoshow","S1",864,"RWD",7.8,8.3,7.4,7.8,8,4.5,493,3131,"2016","Porsche 911 GT3 RS"
"458","TRACK TOYS",85000,"Autoshow","S1",819,"RWD",7,8.1,6.8,6.6,7.6,4.2,385,2955,"2016","Porsche Cayman GT4"
"459","SUPER SALOONS",150000,"Autoshow","A",767,"AWD",7.6,6.3,7.1,8.2,6.1,5.1,550,4398,"2017","Porsche Panamera Turbo"
"460","MODERN SPORTS CARS",90000,"Autoshow","A",785,"RWD",6.8,7.3,6.4,7,5.6,4.4,361,3135,"2018","Porsche 718 Cayman GTS"
"461","TRACK TOYS",315000,"Autoshow","S1",888,"RWD",8,8.6,7.5,8.3,8.3,4.2,691,3197,"2018","Porsche 911 GT2 RS"
"462","SPORTS UTILITY HEROES",220000,"Autoshow","A",744,"AWD",6.7,5.3,7.4,9.8,6,5.9,550,4795,"2018","Porsche Cayenne Turbo"
"463","OFFROAD",250000,"Wheelspin","B",637,"AWD",5.1,3.9,4.7,4.6,4.7,10,360,4899,"2018","Porsche Macan LPR Rally Raid"
"464","MODERN SPORTS CARS",105000,"Autoshow","S1",819,"RWD",7.4,7.4,6.4,6.9,7.9,4.5,444,3340,"2019","Porsche 911 Carrera S"
"465","TRACK TOYS",255000,"Autoshow","S1",860,"RWD",7.2,8.4,7.4,7.6,8.2,4.4,514,3153,"2019","Porsche 911 GT3 RS"
"466","RALLY MONSTERS",255000,"Car Collection","S1",900,"AWD",7,7,10,10,7.8,8.1,600,2844,"2019","Porsche 911 GT3 RS Forza Edition"
"467","SPORTS UTILITY HEROES",135000,"Autoshow","B",695,"AWD",6.2,4.9,5.8,9.4,4,6.3,434,4277,"2019","Porsche Macan Turbo"
"468","SUPER SALOONS",185000,"Autoshow","S1",807,"AWD",6.1,5.7,8.5,9.6,6,4.4,752,5121,"2020","Porsche Taycan Turbo S"
"469","SUPER SALOONS",185000,"Autoshow","S1",900,"AWD",10,7.8,9.7,10,7.2,4.4,902,3858,"2020","Porsche Taycan Turbo S ""Welcome Pack"""
"470","EXTREME TRACK TOYS",330000,"Wheelspin","S2",928,"RWD",7,9.6,7.1,5.8,9,4,454,2072,"2015","Radical RXC Turbo"
"471","HYPERCARS",1050000,"Season Event","S2",983,"AWD",8.5,9.1,5.3,5.7,8.9,4.6,1251,3200,"2019","RAESR Tachyon Speed"
"472","PICK-UP & 4X4'S",41000,"Autoshow","D",467,"AWD",5.2,3.3,2.8,1.8,2.8,8.9,410,7044,"2017","RAM 2500 Power Wagon"
"473","CULT CARS",35000,"Autoshow","D",100,"RWD",2.6,3.4,2.2,4.5,2,5.6,32,1004,"1972","Reliant Supervan III"
"474","CLASSIC RALLY",0,"Autoshow","D",435,"RWD",4,4.4,3.5,2.8,2.9,5.9,103,1885,"1967","Renault 8 Gordini"
"475","CULT CARS",20000,"Barn","D",100,"FWD",2.2,3.5,1.5,2.3,2,5.8,27,1310,"1968","Renault 4L Export"
"476","RETRO RALLY",120000,"Autoshow","C",521,"RWD",4.6,4.3,4.6,3.4,2.9,6,157,2138,"1980","Renault 5 Turbo"
"477","RETRO HOT HATCH",30000,"Autoshow","C",511,"FWD",4.7,4.8,4,3.1,2.9,4.8,142,2233,"1993","Renault Clio Williams"
"478","SUPER HOT HATCH",28000,"Autoshow","B",678,"FWD",5.4,6,4.8,4,5.2,4.7,227,2712,"2008","Renault Mégane R26.R"
"479","HOT HATCH",29000,"Autoshow","C",595,"FWD",5.1,5.1,4.4,4.5,3.6,4.9,197,2685,"2013","Renault Clio R.S. 200 EDC"
"480","SUPER HOT HATCH",37000,"Autoshow","B",670,"FWD",5.7,6,4.5,4.6,4.4,5,275,3153,"2018","Renault MEGANE R.S."
"481","HYPERCARS",2e+06,"Autoshow","S2",963,"AWD",9.1,7.5,9.9,10,9.3,3.8,1887,4299,"2019","Rimac Concept Two"
"482","UNLIMITED OFFROAD",5e+05,"Autoshow","A",776,"RWD",5.9,3.7,4.5,4.2,5.1,9.9,850,3750,"2016","RJ Anderson #37 Polaris RZR-Rockstar Energy Pro 2 Truck"
"483","RETRO SUPERCARS",388000,"Wheelspin","S1",855,"RWD",7.9,7.4,7.1,7,6.7,4.7,575,2756,"2004","Saleen S7"
"484","MODERN SUPERCARS",2e+05,"Autoshow","S1",821,"RWD",6.5,7.2,7.2,5.9,6.3,4.7,450,2685,"2018","Saleen S1"
"485","RARE CLASSICS",2100000,"Autoshow","B",694,"RWD",5.9,4.1,4.5,4.6,3.2,4.5,425,2350,"1965","Shelby Cobra 427 S/C"
"486","CLASSIC RACERS",3e+07,"Autoshow","B",637,"RWD",6.7,3.9,3.7,2.9,2.8,4.7,390,2300,"1965","Shelby Cobra Daytona Coupe"
"487","UTV'S",45000,"Autoshow","A",737,"RWD",4.3,5.1,6.4,7.1,5.9,7.7,194,925,"2021","SIERRA Cars RX3"
"488","RETRO RALLY",110000,"Wheelspin","B",640,"AWD",5.6,5.5,5,3.2,3.6,5.3,276,2800,"1998","Subaru Impreza 22B-STi Version"
"489","MODERN RALLY",28000,"Autoshow","B",652,"AWD",5.9,5.3,6,3.6,3.6,5.6,278,3270,"2004","Subaru IMPREZA WRX STi"
"490","MODERN RALLY",51000,"Autoshow","B",669,"AWD",6.2,5.3,6.3,3.2,3.6,5.7,311,3315,"2005","Subaru IMPREZA WRX STI"
"491","MODERN RALLY",31000,"Autoshow","B",649,"AWD",5.7,5.5,5.4,3.8,3.7,5.6,305,3395,"2008","Subaru IMPREZA WRX STI"
"492","MODERN RALLY",33000,"Autoshow","B",668,"AWD",6,5.7,5.1,2.8,3.9,5.9,305,3384,"2011","Subaru WRX STI"
"493","MODERN SPORTS CARS",32000,"Autoshow","C",581,"RWD",5.7,5.1,4.2,3.6,3.1,4.8,200,2764,"2013","Subaru BRZ"
"494","MODERN RALLY",42000,"Autoshow","B",675,"AWD",6,5.7,5.5,3.1,3.9,5.6,305,3386,"2015","Subaru WRX STI"
"495","MODERN RALLY",42000,"Autoshow","B",689,"AWD",6,5.9,5.8,3.1,4.4,5.4,341,3485,"2019","Subaru STI 209"
"496","RARE CLASSICS",750000,"Autoshow","D",487,"RWD",5.1,4.3,3.7,2.7,2.6,5,150,2550,"1969","Toyota 2000GT"
"497","CLASSIC SPORTS CARS",20000,"Autoshow","D",315,"RWD",4,3.8,2.7,2.5,2,4.9,97,2392,"1974","Toyota Celica GT"
"498","PICK-UP & 4X4'S",55000,"Autoshow","D",269,"AWD",3.4,3,2.4,3.4,2.3,7.5,135,3417,"1979","Toyota FJ40"
"499","RETRO SPORTS CARS",20000,"Wheelspin","D",480,"RWD",4.5,4.3,4,3.4,2.6,5.2,128,2094,"1985","Toyota Sprinter Trueno GT Apex"
"500","RETRO SPORTS CARS",20000,"Autoshow","C",502,"RWD",5.1,4.7,3.8,3.3,2.8,5.4,145,2620,"1989","Toyota MR2 SC"
"501","RETRO RALLY",25000,"Autoshow","C",544,"AWD",5.8,4.5,4.7,2.9,2.7,5.5,232,3219,"1992","Toyota Celica GT-Four RC ST185"
"502","RETRO SPORTS CARS",20000,"Autoshow","C",558,"RWD",5.4,5.1,4.1,2.7,3,5.1,206,3329,"1992","Toyota Supra 2.0 GT"
"503","UNLIMITED OFFROAD",5e+05,"Barn","B",693,"RWD",4.7,3.7,5.9,6,4.7,10,360,4000,"1993","Toyota #1 T100 Baja Truck"
"504","RETRO RALLY",20000,"Wheelspin","C",590,"AWD",6.1,4.9,5.1,2.9,3,5.3,255,3175,"1994","Toyota Celica GT-Four ST205"
"505","RETRO SPORTS CARS",38000,"Autoshow","B",646,"RWD",6.4,5.4,4.6,3.1,3.5,4.7,320,3329,"1998","Toyota Supra RZ"
"506","RETRO SPORTS CARS",38000,"Autoshow","A",800,"RWD",7.5,6.7,5.9,4.3,5.8,4.1,505,3252,"1998","Toyota Supra RZ ""Welcome Pack"""
"507","RETRO SPORTS CARS",250000,"Season Event","C",557,"FWD",5.5,4.8,3.8,3,3,5.2,187,2560,"2003","Toyota Celica SS-1"
"508","PICK-UP & 4X4'S",250000,"Season Event","D",457,"AWD",4,4.1,2.7,2.6,2.9,9.4,169,4740,"2007","Toyota Hilux Arctic Trucks AT38"
"509","MODERN SPORTS CARS",28800,"Autoshow","C",579,"RWD",5.5,5.2,4.2,3.6,3.2,4.8,197,2734,"2013","Toyota 86"
"510","PICK-UP & 4X4'S",250000,"Season Event","D",404,"AWD",4.1,3.8,2.5,2.2,2.7,9.5,161,4993,"2016","Toyota Land Cruiser Arctic Trucks AT37"
"511","MODERN SPORTS CARS",55000,"Autoshow","A",731,"RWD",6.2,6.1,5.5,5.8,4.6,4.8,335,3397,"2020","Toyota GR Supra"
"512","RETRO SUPERCARS",5e+05,"Autoshow","S1",861,"RWD",8.7,6.7,5.4,5.7,6.6,3.4,800,2150,"1998","TVR Cerbera Speed 12"
"513","RETRO SPORTS CARS",86000,"Autoshow","A",779,"RWD",6.7,6.2,5.3,5.5,5,4.3,406,2377,"2005","TVR Sagaris"
"514","MODERN SPORTS CARS",105000,"Autoshow","S1",825,"RWD",7.2,7.7,5.9,6.3,6.9,4.2,480,2645,"2018","TVR Griffith"
"515","EXTREME TRACK TOYS",3e+05,"Autoshow","S2",961,"RWD",8.8,9.5,7.7,8.4,7.9,3.9,1020,2094,"2015","Ultima Evolution Coupe 1020"
"516","RETRO SALOONS",250000,"Season Event","B",635,"RWD",6.6,4.7,4.1,2.4,3.2,4.7,379,3642,"1990","Vauxhall Lotus Carlton"
"517","MODERN MUSCLE",25000,"Autoshow","B",696,"RWD",7.1,5.6,4.9,4.1,4.3,5.2,398,3697,"2005","Vauxhall Monaro VXR"
"518","HOT HATCH",28000,"Autoshow","C",584,"FWD",5.1,5.3,3.3,4.2,3.6,4.7,202,2851,"2016","Vauxhall Corsa VXR"
"519","CULT CARS",20000,"Accolade","D",100,"RWD",2.9,3.7,1.7,2.9,1.9,5.7,40,1760,"1963","Volkswagen Beetle"
"520","TRACK TOYS",5e+05,"Accolade","S1",900,"RWD",6.1,8.8,8,8.8,10,4.4,329,1543,"1963","Volkswagen Beetle Forza Edition"
"521","CULT CARS",40000,"Autoshow","D",100,"RWD",2.6,3.6,1.5,3,2,5.7,50,2513,"1963","Volkswagen Type 2 De Luxe"
"522","BUGGIES",60000,"Autoshow","D",349,"RWD",3.5,4.6,2.5,4.7,3.1,7.7,80,2400,"1969","Volkswagen Class 5/1600 Baja Bug"
"523","BUGGIES",25000,"Autoshow","D",371,"RWD",3.8,3.4,2.8,2.9,2.3,8.5,93,2165,"1970","Volkswagen #1107 Desert Dingo Racing Stock Bug"
"524","RETRO HOT HATCH",20000,"Autoshow","D",293,"FWD",3.7,4.3,2.5,2.8,2.1,4.9,74,2015,"1981","Volkswagen Scirocco S"
"525","RETRO HOT HATCH",20000,"Autoshow","D",428,"FWD",4.2,3.9,3.5,3.3,2.4,5,112,1909,"1983","Volkswagen Golf GTI"
"526","RETRO HOT HATCH",20000,"Autoshow","D",429,"FWD",4.6,4.4,3.4,2.5,2.4,4.9,139,2425,"1992","Volkswagen Golf Gti 16v Mk2"
"527","RETRO HOT HATCH",20000,"Autoshow","C",533,"FWD",5.4,4.8,3.6,3.3,2.8,5,178,2734,"1995","Volkswagen Corrado VR6"
"528","RETRO HOT HATCH",25000,"Autoshow","C",510,"FWD",5.1,4.6,3.7,2.8,2.8,5.1,172,2800,"1998","Volkswagen GTI VR6 Mk3"
"529","HOT HATCH",20000,"Autoshow","B",618,"AWD",5.6,5.3,5,5.4,3.6,5.4,241,3256,"2003","Volkswagen Golf R32"
"530","SUPER HOT HATCH",64000,"Autoshow","B",645,"AWD",5.8,5.7,5,3.2,3.5,5.5,267,3188,"2010","Volkswagen Golf R"
"531","HOT HATCH",45000,"Autoshow","B",663,"FWD",5.8,5.5,4.6,4.8,4,4.9,261,2963,"2011","Volkswagen Scirocco R"
"532","SUPER HOT HATCH",50000,"Autoshow","B",663,"AWD",5.9,5.9,5.8,6.3,3.8,5.5,296,3254,"2014","Volkswagen Golf R"
"533","RALLY MONSTERS",5e+05,"Autoshow","S1",851,"AWD",4.8,5.6,9.2,4.6,5.9,7.6,553,2668,"2017","Volkswagen #34 Volkswagen Andretti Rallycross Beetle"
"534","CLASSIC RALLY",45000,"Autoshow","C",548,"RWD",5,4,4,3.6,3.1,5.5,225,3175,"1983","Volvo 242 Turbo Evolution"
"535","RETRO SALOONS",25000,"Autoshow","C",511,"FWD",5.8,4.3,3.3,2.6,2.5,5,240,3230,"1997","Volvo 850 R"
"536","SUPER SALOONS",62000,"Autoshow","B",662,"AWD",6.1,5.9,5.5,3.6,3.9,5.1,346,3985,"2015","Volvo V60 Polestar"
"537","TRACK TOYS",1e+05,"Autoshow","S1",886,"RWD",6.8,8.6,8.5,9.2,7.8,3.7,385,1598,"2017","VUHL 05RR"
"538","PICK-UP & 4X4'S",40000,"Autoshow","D",198,"AWD",2.6,3.7,2,3.3,2.1,7.1,60,2137,"1945","WILLYS MB Jeep"
"539","HYPERCARS",1200000,"Autoshow","S2",927,"RWD",9,8.7,6.7,7.2,9.6,4,1177,3410,"2019","Zenvo TSR-S"
